33,6904.8013,2260.7773,1987.0012,3439.4106,2878.9202,5887.2144,3652.94,2524.504,4209.1123,1390.6678,3783.525,2129.9346,2038.0687,2917.37,3900.6428,3104.8083,2861.235,1762.46,2882.1787,2803.1775,3209.8813,5590.9775,3249.5962,1454.0438,1880.7094,5881.081,1252.4607,3319.1326,2976.26,1894.705,3464.5237,781.055,1653.2288,750.8113,1127.325,2359.9739,4568.8,982.2612,1589.6376,1589.6376,1589.6376,1589.6376,2786.0437,1323.7574,1066.6797,2629.629,2553.0525,1074.6637,485.91876,1694.0494,1694.0494,1694.0494,1694.0494,1533.39,632.0393,2101.1575,2503.62,1687.9976,785.01666,2187.3213,806.5923,2052.0076,1867.9175,1055.0375,1986.88,687.6262,622.9825,847.22974,1080.2687,378.7775,643.1512,1533.9612,1450.7357,796.5637,1577.9175,624.0225,680.1075,726.64874,753,553.2413,1450.1344,781.175,1099.7617,820.835,1055.8225,2443.99,348.175,1401.0511,689.7675,493.47,1734.1963,443.34125,443.14642,554.795,1179.685,235.41548,492.58124,891.6794,611.885,2725.8213,747.27,2123.0889,1374.6775,2157.7961,1003.2912,1192.3125,1395.7087,643.3575,685.1287,231.85875,475.35626,679.37915,1822.0487,1274.4788,473.80713,1041.71,44.06625,110.7119,68.63875,122.42625,103.13375,65.86,41.02206,62.455,45.66625,94.38928,59.77,102.21875,37.1,67.71,51.69375,53.219048,56.6125,70.915,36.505,24.67875,87.06625,64.595,349.56787,20.86875,26.90125,50.5025,55.0675,18.7275,40.56625,18.583332,136.31125,20.9,26.44881,218.3,96.42375,82.579765,77.8175,99.65714,31.15,14.719048,86.01786,19.15625,107.80375,12.743333,55.2325,49.67794,55.55625,29.4,24.131666,34.713097,26.163095,336.53,72.21625,53.37375,52.53375,63.5725,108.27125,114.89875,42.34875,98.9625,24.2375,73.73875,19.20625,47.65625,102.59375,34.00125,32.59875,83.3475,56.0375,50.9075,21.27,59.475,56.407143,57.74762,18.03875,32.1125,24.01375,13.54625,64.39167,36.965,117.655,118.77,129.2,65.07,79.17,Abnormal
34,8347.983,9852.298,8178.965,4467.502,3388.4463,5632.5605,3754.515,4869.556,5019.0537,4843.6787,6404.315,3721.8115,3919.8562,3550.6887,4788.105,4712.1543,3533.0862,3442.7437,2509.0112,2513.4312,2343.1936,5853.3076,2697.5688,5251.4014,3390.9062,5626.5903,2319.1465,3504.1863,2919.825,3241.54,2834.3562,1346.9337,3727.8237,2916.3838,2187.28,1658.42,2970.5662,2360.4263,2088.4922,2088.4922,2088.4922,2088.4922,2652.5376,3150.9875,1383.5922,2280.879,3921.9038,1762.905,1061.2112,2736.74,2736.74,2736.74,2736.74,2015.85,2167.0667,1830.8774,2546.4436,2326.6726,1664.5458,3134.8389,1186.325,2891.555,1171.1775,1651.0175,2149.3088,938.14124,616.70624,1227.018,1313.065,682.2025,1133.775,2107.8474,1294.9929,1358.3676,1933.9613,877.02625,1059.0112,843.4475,1245.6538,856.2325,1254.5438,1270.5118,2047.8018,1222.215,1748.5637,3098.4075,1198.1536,1089.4637,889.725,805.625,1427.505,1212.2538,941.03094,1525.3636,998.3025,696.75476,1082.7574,1311.5441,810.5075,2690.06,1582.7137,1351.615,1209.6125,2892.9275,1116.27,1680.19,1445.7688,809.36,1066.655,587.96,2175.8362,886.0417,3265.115,2043.015,1009.1345,1132.1462,68.95875,91.88928,327.96875,261.36,273.885,90.745,24.742647,136.2025,113.10875,210.81071,46.17,150.39,141.15833,74.875,101.205,112.97262,85.14125,79.973335,65.4275,55.96,100.6225,173.11166,385.55118,29.88125,76.53125,170.55624,130.775,62.9575,143.41125,72.23214,143.20125,81.6475,42.317856,368.92624,201.22626,227.1488,162.13875,190.72858,194.9875,65.92262,94.6369,103.28125,180.0525,117.28667,67.76375,169.09853,57.53125,100.52875,79.1,67.65238,64.53452,232.81375,236.145,142.40625,77.18875,290.34625,119.53625,101.2275,79.14625,128.395,23.2375,122.37875,78.5875,63.8325,174.61874,65.105,76.9425,98.7675,155.6625,123.37125,99.04,64.2875,62.05119,45.591667,248.6075,102.19,91.84125,33.27,142.73167,36.20625,32.83,539.3688,216.5225,113.78125,103.63875,Abnormal
35,5100.536,3343.3206,2925.67,2914.1946,1481.2227,3697.9463,2080.275,1638.045,3763.1375,3530.069,2530.7812,1287.1309,1569.9888,1593.4575,1925.3524,2389.9917,2823.5,2238.2275,1700.2225,1564.8262,2825.6438,2619.1462,2374.8962,3848.03,1212.975,3247.456,804.64764,1730.5325,1801.9587,2032.9575,1745.7225,1879.3225,2278,1659,736.67,2132.254,1271.845,1394.8713,2617.1426,2617.1426,2617.1426,2617.1426,1084.7438,3137.3076,721.8781,1957.6525,1418.5212,1427.7625,1233.0688,1826.8156,1826.8156,1826.8156,1826.8156,1130.9075,1956.8333,1520.6638,1299.3262,1077.9333,1875.0167,1464.5162,784.7288,1012.1338,1275.515,802.7537,2039.2888,596.2525,957.67,460.79404,1028.6274,1276.5074,1225.0964,1048.6462,736.55,528.14,1637.2537,671.285,472.30624,645.1337,424.95624,555.0825,799.03125,614.82025,967.4733,563.7325,789.5588,1491.7687,884.5107,516.0225,508.135,383.2775,1045.8726,517.495,262.83334,1231.365,565.8325,430.8857,342.25125,1218.4854,675.9,1183.7837,1548.6038,1438.085,773.6188,1309.4075,570.1125,1301.9188,881.6362,557.075,323.6775,374.2875,1198.2638,673.81665,570.0775,842.9625,1179.5333,593.90125,33.1325,145.43095,143.78125,79.56375,102.89125,55.595,28.894117,77.61,17.72875,92.45238,62.77125,59.175,51.259525,110.43875,61.38,70.09643,99.835,34.691666,25.50375,27.8475,80.44125,57.816666,217.96071,25.9475,75.74,77.95,63.30375,27.41125,87.59125,33.284523,40.26,32.67875,42.934525,174.9625,56.30375,118.5881,92.78375,61.609524,58.055,33.486904,53.59881,43.145,100.225,19.488333,42.34625,32.507355,52.65625,20.09875,33.591667,30.833332,37.346428,161.0475,276.93,80.1625,29.73625,109.675,72.925,109.26,23.845,73.945,22.633333,63.30625,36.81125,49.9725,82.55375,42.9575,38.18875,79.23625,90.7225,34.57,47.795,31.17875,21.177382,38.711906,290.9175,19.51,57.33875,16.04375,226.82832,18.87,95.56125,314.0575,126.47375,80.4875,78.7925,Abnormal
36,4554.576,3139.3113,2958.4026,1658.3071,3196.5332,2280.4106,2132.3125,3104.621,2958.9875,2121.3977,2446.04,2522.7886,1500.4489,2332.2375,3030.4512,2043.3708,3639.825,2764.994,1795.625,1416.7738,1485.0312,5121.104,1897.82,1682.6788,2135.3093,5217.5,1594.756,3139.62,1255.2438,2134.4988,3098.4312,526.39624,2143.3574,1058.3562,802.01,1265.5164,2144.125,868.525,1290.4155,1290.4155,1290.4155,1290.4155,2960.7524,1703.7075,717.26404,1246.0212,3019.91,894.4313,521.675,1936.3494,1936.3494,1936.3494,1936.3494,956.79126,839.6762,3016.1526,2497.035,970.7393,461.00418,2411.28,797.9077,3071.8762,879.52374,1196.3062,1090.21,1004.0962,405.47,775.1226,627.82,431.705,753.1619,1849.1637,551.87146,1053.61,1105.5238,471.35626,863.0012,506.9625,856.3812,458.1075,535.79065,742.06665,937.1483,499.75626,783.255,2584.2063,355.40714,531.3775,508.7175,347.55374,1986.9838,698.02,522.70355,670.095,1044.615,246.85358,732.0325,596.77203,861.025,987.135,1068.3225,1194.7462,1206.3812,2463.965,729.60126,677.6163,1194.4012,342.92874,651.71875,239.32875,712.7413,495.95834,2615.56,1479.1075,858.68335,1575.3175,40.8675,91.057144,107.8625,198.7925,172.1975,79.50875,26.004412,146.00375,113.09,259.8,53.91375,85.88125,79.72619,22.4725,26.4875,75.57619,56.7225,81.13,64.13375,29.31125,81.6125,110.635,261.0643,13.6575,47.725,81.01625,92.34875,68.9875,77.8125,27.652382,163.2,23.9725,24.303572,128.05125,224.56,138.54405,37.64,157.1381,58.025,16.633333,100.13333,25.97125,123.91125,13.016667,39.72,55.061764,33.66875,57.9175,25.653334,41.230953,22.955952,187.52126,1069.4,47.43375,28.405,72.66,51.28,151.3125,47.75875,86.45,33.85,65.67375,22.90375,35.3425,203.68,38.19,21.57625,71.83625,110.8225,49.37,17.03375,22.58875,20.980951,37.111904,91.6725,34.73625,30.8975,10.43625,164.58167,32,63.225,265.635,82.22625,181.885,39.1825,Abnormal
37,5466.93,10152.273,7760.9175,7258.25,1469.6906,5695.6465,4662.855,2949.1812,6223.86,4948.2334,2939.0476,2851.5615,4113.709,1333.7725,2712.9714,5104.2627,1545.445,1365.2863,2410.9226,4948.56,3262.9075,3577.6638,3712.256,3298.3474,2094.3406,4268.0713,1548.4452,1522.125,3055.8438,1267.4963,2660.8438,1573.7524,2897.5588,2544.1362,2418.115,2009.0012,1230.3538,2487.6587,895.6832,895.6832,895.6832,895.6832,1516.3112,3432.0237,1394.8469,2604.1938,2167.455,1560.1288,1657.6912,1386.5334,1386.5334,1386.5334,1386.5334,2602.4675,1243.7357,473.40375,1433.7112,2988.956,1931.375,1456.7388,832.3981,1768.16,1210.2213,1597.875,2502.9663,571.4225,913.41876,1990.7286,1303.8088,1152.3925,922.8298,460.795,3789.6213,957.6138,1939.2338,1719.1725,489.51874,879.505,870.4462,1230.5775,3722.2969,795.0881,1880.2517,946.9775,1482.9188,1657.8362,1364.0321,1676.7562,1396.5425,1436.6375,1082.5925,1381.5425,749.87976,1820.7812,830.33374,1638.2524,624.2625,945.2471,1066.7363,2135.014,1525.6425,2214.2837,805.8875,1579.4587,1378.76,1825.2712,614.39124,1270.1414,941.0513,1891.35,1166.2012,1716.075,1718.7125,556.20374,509.7393,1073.6575,219.5425,79.82262,161.3325,64.445,146.4375,161.61,26.686766,47.94375,77.45375,158.92143,94.39625,85.76875,122.91786,126.07,34.395,161.3631,86.24625,34.818333,57.8975,14.4825,183.4525,136.14667,340.44525,18.54375,63.66875,97.17,76.835,19.90375,148.90875,62.75595,89.38,144.28,165.97025,264.95874,56.01125,278.45,140.96124,90.61548,153.7025,98.70119,32.36667,70.32,164.06876,65.04833,87.22,41.125,87.4775,9.85875,287.19833,55.734524,47.75833,63.8075,84.98,403.95126,78.99125,133.81375,136.00125,68.94125,62.7725,162.78,56.7,143.1125,220.3,71.4375,123.3,29.16125,72.56125,86.52625,94.92,232.3375,36.18625,87.51875,92.42381,8.342857,162.88374,160.96,98.13125,44.61625,73.496666,75.73125,34.875,573.68,149.11626,14.79,110.32,Abnormal
38,4201.5073,2425.6272,2228.8174,1503.6053,3804.5332,3591.25,4028.5886,2794.085,2683.025,2892.4487,2983.8013,2302.5537,1964.4725,2490.7412,3483.5977,2124.0833,3914.9062,1939.4625,2569.2563,2593.31,1469.8312,4567.065,2568.2139,2139.98,2052.1218,6775.8037,1450.1536,3892.9375,2045.0137,1759.69,4448.2275,720.53125,2138.5874,1027.29,979.4525,1604.0588,3603.4712,956.835,1483.6188,1483.6188,1483.6188,1483.6188,3913.6125,1668.8087,645.9422,1074.095,4539.729,1188.8213,429.47125,2740.8733,2740.8733,2740.8733,2740.8733,1496.94,964.51904,1572.2988,2049.03,1146.5428,349.55832,2639.7976,938.07117,3034.2588,1054.2512,1798.2413,873.97876,716.155,345.8425,1204.481,909.59125,333.7425,714.9107,2431.78,791.0571,758.1775,1043.68,514.68,724.9475,525.8275,795.8137,410.4925,694.33435,923.1119,625.0833,585.59125,1322.6688,2872.3625,418.2857,1520.4012,533.0375,377.945,2618.2039,420.59375,701.9524,820.3875,1089.3588,322.10477,603.84,524.87354,1125.6388,1173.2825,1318.9926,1484.8175,1476.4976,2848.425,1619.9187,894.71875,1565.6387,277.00125,977.1937,321.99,507.3075,559.0417,2455.7637,1429.3562,577.4369,625.7875,42.34,82.52262,140.5475,175.11125,155.40875,44.83875,32.094116,109.46,54.43625,226.99762,33.2375,35.715,52.711906,18.48875,24.47875,39.135715,43.875,63.88333,40.49125,15.055,160.7225,105.19167,248.20476,9.92375,26.71875,78.3125,131.3925,45.42625,82.46375,16.22857,109.45625,15.3625,40.719048,93.955,239.81125,58.67143,34,136.97382,35.41125,25.682142,135.86429,15.5225,119.5475,17.826668,35.80875,85.32059,43.045,52.0725,37.821667,39.19643,16.154762,413.615,141.60126,43.80625,27.56,79.62375,70.49375,128.6525,53.98,80.275,31.895832,58.03625,34.34875,40.90875,160.03375,80.51625,13.95125,57.875,74.02,38.875,30.60875,37.085,31.225,53.735714,62.52875,32.38,41.21375,14.0425,111.76167,30.66375,54.8875,189.58875,86.4025,121.77875,45.0075,Abnormal
39,3656.7837,5082.857,4101.9175,1365.7,1980.2333,4883.893,2925.7375,2061.4126,1482.9713,3808.2678,2126.065,1412.5923,2692.5774,3547.2576,2164.837,4331.967,2752.5962,1790.9838,2288.4675,2944.065,1975.3462,3790.3489,1720.7588,2484.21,1139.0438,2527.882,846.40955,1948.6425,2547.3486,2726.3076,1408.2212,2547.3274,1945.9038,1942.5775,1015.11,1381.64,1177.5475,1239.2612,2530.067,2530.067,2530.067,2530.067,1203.135,2366.4163,1530.5156,954.5575,1627.47,1372.5862,1531.1213,1538.5934,1538.5934,1538.5934,1538.5934,1248.8712,2334.4822,1959.8225,1317.2625,1560.0417,2966.1958,1309.9375,1003.9923,959.5625,924.45123,772.41,954.8713,2052.9126,2104.9824,1004.1536,1500.7988,880.9475,1041.7274,529.23126,547.04285,581.5737,344.46625,623.375,753.7612,761.6912,451.58624,874.3425,442.23126,673.9143,280.92667,977.1213,910.89,1097.5425,1352.7821,1036.6,490.08374,349.205,970.025,1347.2662,647.3988,973.255,427.6525,610.5738,405.0175,552.0574,915.625,1211.6238,1697.665,750.21124,827.72,1682.0413,861.12,544.7325,677.91,223.2075,722.0613,410.94376,3577.4424,592.87915,1101.9587,705.8825,482.30475,547.5325,55.08625,66.89286,151.54,103.17375,121.5675,76.17375,136.13824,62.1775,23.55375,59.29762,9.2625,30.15125,57.228573,7.82875,416.0075,47.142857,114.5525,56.445,37.01375,104.575,112.885,88.025,78.53333,14.97375,34.6275,105.24625,38.26375,27.9775,95.3975,67.66428,50.21,49.7275,111.75476,102.89125,48.795,268.13214,23.30125,96.080956,81.48625,73.78928,73.565475,81.235,98.4025,63.95,60.835,80.93382,94.17625,31.75125,60.345,55.115475,13.095238,119.0775,108.7225,70.94875,48.7475,114.35,63.625,38.78875,28.47,103.075,61.6625,90.31375,31.6125,16.27125,60.1275,125.5775,26.525,54.16,23.58875,52.56625,40.51375,26.4425,21.8,50.36786,201.41125,29.94375,37.55625,23.0075,18.95,44.16,53.5,104.53375,28.13875,47.30125,23.57875,Normal
40,9128.119,5502.716,4590.134,3234.4019,3978.5452,7676.7144,4644.3887,2518.6975,5460.936,4251.53,2962.7224,1894.2827,2140.4712,2582.0112,4021.4846,3437.204,3441.9026,1640.21,3898.9236,3779.0674,4078.8538,3986.6462,5709.846,2694.95,1791.15,6483.605,1189.7798,2726.34,3651.995,1490.74,3520.1675,1932.92,3366.129,1601.035,1063.8239,3790.585,2435.16,1590.3,1755.1167,1755.1167,1755.1167,1755.1167,3106.7913,2331.2087,1426.1906,3111.3076,4464.6113,870.53876,1015.4512,2175.1106,2175.1106,2175.1106,2175.1106,2080.2825,1197.9762,1752.5938,1395.4836,2485.2083,1581.6708,2183.83,953.87885,2196.7124,2122.2788,1129.285,1325.4475,970.67377,1606.7025,1655.425,1017.0762,576.14,1039.9417,961.0775,594.86786,690.535,1828.965,671.34875,816.1238,932.91626,260.60876,775.305,528.6156,606.2976,1023.3,392.4625,1062.865,1869.625,1118.65,1879.9362,848.1337,465.515,2685.9363,666.5725,671.40594,1398.22,676.45,522.1845,597.3212,1316.8971,979.3975,3801.4387,1110.13,2872.9739,1003.735,1623.16,1856.1963,1448.195,1293.7913,557.03125,889.3225,461.32376,1303.6412,793.37085,1766.735,933.97,224.5381,615.1362,56.8225,135.53452,285.7175,154.3625,143.76,131.8975,27.72353,68.485,52.3025,177.12262,65.3925,31.92625,85.82738,54.49375,25.09125,48.29524,69.1375,76.14167,90.7125,62.38875,39.0575,105.17167,493.91785,26.53625,100.11875,132.1225,79.61625,46.20625,90.6825,61.541668,122.73875,67.31625,71.814285,212.625,153.89125,288.775,30.4725,154.08571,91.67375,60.663094,79.5881,68.31875,100.875,39.955,19.0025,65.27206,36.76625,58.7525,83.988335,70.59048,60.659523,41.5575,65.14875,63.90125,9.57375,205.55624,71.5475,121.225,67.275,123.2075,74.254166,130.535,44.355,58.5775,169.0275,83.0225,38.92625,111.81625,141.04875,88.19625,68.07375,51.07625,24.815475,80.920235,257.01,48.5,46.89875,40.91875,30.645,40.8725,179.9,333.7175,177.7125,85.1875,112.02125,Abnormal
41,3799.0889,5665.7793,5157.0674,1359.7911,1872.6451,2218.1035,1395.0525,1683.7775,2430.015,4679.4526,2369.64,1440.5461,1016.8863,1842.4163,1772.2583,1588.3917,1474.1262,1144.0962,846.7512,1044.3225,1344.1313,3181.015,1673.0325,3628.905,1219.3969,3229.7227,868.81903,1574.1025,980.91876,1556.1875,1346.3125,1485.52,2753.625,1464.5225,655.935,995.7,1432.1562,803.03125,1247.7555,1247.7555,1247.7555,1247.7555,1289.005,2670.6,672.3,1171.7788,1266.8475,499.98376,1380.4175,1514.9391,1514.9391,1514.9391,1514.9391,673.1138,2182.2202,1261.3425,962.9225,780.4488,3043.0376,925.09375,442.3231,1014.1875,726.7125,396.43,1938.295,479.55124,419.4,308.06906,385.1125,743.64,630.90356,619.20624,448.5,525.78125,549.64624,306.26874,386.33624,400.38626,457.58624,291.395,410.95624,459.86667,587.48,376.39,310.5725,1103.9612,1298.3464,490.465,397.66376,221.06876,484.20374,793.2925,216.36429,779.91626,309.18124,374.3107,408.51874,463.4603,227.0425,1221.5024,2166.3389,670.3137,462.3225,1332.755,415.22375,421.285,515.03876,218.09,300.94876,244.96875,1954.395,346.75833,997.3812,578.41626,951.65594,766.02,15.36625,53.785713,279.46,62.23375,99.47875,56.9225,16.95,43.28125,31.63125,20.12738,22.60125,57.55625,62.50476,17.605,27.13875,32.529762,41.98625,36.351665,22.98125,21.09125,26.39625,49.421665,170.84167,15.98,96.44875,142.2925,17.3425,15.93625,119.13,95.34881,94.2825,29.88625,60.488094,69.7675,65.4325,298.14047,18.48,90.295235,184.2125,56.07857,47.020237,64.6625,123.89,20.841667,15.5425,38.136765,17.64375,18.80375,53.841667,23.645239,22.375,74.58375,195.145,57.53875,19.3975,150.73125,24.94875,54.745,20.24875,71.28,26.970833,38.07875,38.47,30.5275,56.7525,31.67375,15.40375,42.94875,36.81125,26.6875,48.4375,19.24625,8.37619,16.744047,227.24,76.37875,56.56875,25.48625,130.53333,16.0675,34.68875,330.54376,60.57875,31.65875,28.29,Abnormal
42,6194.245,5202,4079.6338,3951.1982,2382.2214,1949.1643,1909.0975,3415.1038,3965.97,2857.644,2798.1626,2678.8691,2393.4375,4583.194,2665.5132,4444.9585,2180.675,2226.145,1019.7525,1372.08,2317.0513,5046.6113,2116.5413,2292.415,2495.1655,2633.5762,1571.6107,2883.85,966.055,2171.1987,1299.7087,2069.185,1314.6663,1749.36,1354.0962,1459.83,1644.495,990.69,3323.2913,3323.2913,3323.2913,3323.2913,1406.2025,3848.0024,1593.8328,1011.01,1918.9275,1464.4038,1694.96,1326.2207,1326.2207,1326.2207,1326.2207,657.6025,1837.9083,2548.9563,2135.5674,945.1167,2445.625,1364.6788,1543.6309,1260.6324,1369.395,834.05,2510.7976,2109.36,1187.4788,610.8179,860.345,1034.6525,978.7714,809.8,1255.5393,1089.3237,528.8175,588.0588,1463.475,870.74,587.4125,895.945,1088.8531,835.65,703.9483,797.7725,965.1275,1237.28,1373.2714,508.12625,496.075,486.2475,756.9475,1353.6387,592.8893,1042.55,665.5,555.4738,774.8275,1304.7913,867.72,425.59375,2474.0786,833.0588,1505.4863,3490.9888,528.73,564.785,688.29877,821.1337,489.725,483.87,2579.9175,632.5833,2291.89,1626.3262,2314.2,942.78625,106.7325,119.37738,188.01125,214.28876,293.2625,66.50875,66.564705,119.03375,69.14125,75.565475,80.85125,137.7375,52.608334,71.4425,275.525,85.75833,123.7175,92.06333,109.13125,138.4275,94.225,136.63167,38.095238,46.3175,59.24,71.555,56.4175,69.92,150.835,84.57619,150.12125,51.135,99.80119,227.58,119.98625,318.97858,53.90875,175.99405,100.72125,103.12738,113.30595,93.9425,146.61375,25.725,85.24,195.23824,140.99374,80.53625,50.67,106.84048,41.36786,123.0025,220.515,66.53125,99.87875,215.1125,113.70875,74.5875,32.11875,120.00375,103.95,148.55624,42.39875,154.145,143.885,212.405,58.23625,88.17625,75.195,97.2575,64.96625,44.6825,93.09286,49.860714,132.23125,96.69875,57.49625,37.0225,279.55832,43.5475,91.805,152.83125,131.1275,83.02,93.44125,Normal
43,11447.631,3529.1272,2920.8413,5445.8623,2699.262,6637.8145,4903.8965,3411.6025,2534.9038,4012.594,1989.5938,2413.0923,5328.29,7127.011,3681.7107,7727.6123,4888.7275,3489.365,3170.3826,3407.746,5822.396,6087.904,5796.384,3187.5576,1911.9,4436.532,1202.5726,3687.3787,3281.7976,6215.1313,3214.0076,3036.1575,2850.95,2115.1375,667.64,4164.096,2589.8162,1543.835,5961.367,5961.367,5961.367,5961.367,2572.1025,4713.4126,2172.5547,2179.4712,1411.9875,1899.0588,2744.7776,2924.7432,2924.7432,2924.7432,2924.7432,1987.3075,3287.4797,3697.6626,3058.46,2674.2715,3096.95,2367.275,1857.6,1828.0638,3361.3289,2066.1038,4715.896,2934.9138,2976.5325,2324.3108,1049.8112,2186.1726,1814.2012,1442.2313,2652.5393,832.59875,1405.2188,1148.3488,1380.8538,1768.335,658.17377,2411.8674,2470.675,2020.95,1422.3983,893.88,810.34125,2605.8113,1313.7607,1111.2664,1025.46,849.605,2058.0176,1428.9012,1617.9905,1477.3262,688.0588,694.6869,742.41626,2062.2734,2671.9126,1336.87,2425.4211,2855.27,1927.12,3827.4326,1371.7336,1046.0012,1246.38,1044.3075,1280.7137,708.8762,4976.144,1478.5,3829.57,2164.89,3650.794,1906.4312,197.08,484.14047,325.78625,333.8,617.4575,210.0875,281.72794,119.64875,23.25375,207.67857,212.11,420.66,115,177.90375,320.3875,170.72025,580.5012,232.025,28.0875,457.9025,56.1775,151.61,242.16667,90.755,41.31,93.5725,97.99125,68.675,290.06625,44.404762,344.98874,91.42875,246.8238,357.01126,197.07124,276.42023,154.0875,175.60477,172.9425,292.6631,265.6381,86.595,105.5175,44.22167,80.09125,190.36029,152.94125,92.13375,129.18832,94.24881,12.913095,468.1325,522.33875,140.27875,32.26375,197.32,268.56375,287.21,195.1125,442.26624,136.975,283.9175,77.86125,115.25625,242.04124,97.1125,118.885,244.865,201.68124,101.25625,88.7925,95.39125,148.25952,32.239285,457.48126,122.23625,12.30375,29.84375,745.88,69.3425,222.74875,294.495,210.795,101.42625,125.3675,Normal
44,14641.931,3377.3933,3048.4326,5401.2266,4734.299,5167.375,4434.3286,4553.245,9515.121,3925.4727,4445.775,3337.2693,4777.8677,5455.745,5455.8857,7722.433,4298.315,4680.4077,3653.1626,3950.31,8706.22,9993.688,9131.427,2194.0613,3370.5469,6788.575,2172.2417,4783.5186,2549.1226,4988.234,6446.6963,1604.9338,3987.2312,1874.3612,986.26624,5684.589,4361.1787,1633.7812,3680.6316,3680.6316,3680.6316,3680.6316,4697.839,3154.8137,1662.1108,3893.0974,4927.2837,2152.44,1828.7375,3455.9453,3455.9453,3455.9453,3455.9453,2329.1262,1931.4965,2658.5,3774.7512,3241.7168,823.2375,4121.0713,1827.5885,4975.6826,4366.371,1682.4539,3860.2488,1657.7225,1474.9337,2690.9656,1438.9625,594.01,2191.7463,2359.77,2097.093,1215.5688,2513.4688,925.815,1416.6711,1165.9075,1119.5438,1526.2275,1940.3344,1535.725,2538.5518,1322.15,2149.5825,3998.12,1408.5643,1760.0663,939.81,914.45874,3624.2864,1210.625,1248.3488,1373.7737,1638.37,583.2083,1060.5125,2124.8516,2258.17,2413.915,2079.6924,4099.0264,2089.3037,4829.491,2073.7964,1848.27,1922.2275,1114.0212,1793.18,550.98627,1505.3088,1211.1625,4428.5938,3153.7588,2568.9856,1440.5511,119.845,427.57025,222.71875,586.8025,576.45123,147.705,129.47353,197.51,236.83376,385.6619,319.5675,478.3575,75.0119,303.7025,111.375,162.2262,218.47874,368.07834,58.32875,90.3875,289.4975,138.23,621.3107,39.2,107.25,80.47375,240.38374,77.53125,130.955,96.62024,348.54126,65.875,69.417854,467.65125,461.64874,205.44286,160.17625,264.38214,136.62625,42.75595,193.5512,84.5125,183.94,54.13,107.7225,166.16911,170.93625,120.315,66.98333,72.36191,96.079765,94.93625,337.2025,112.8425,138.69,57.64,249.94875,507.42126,93.33875,276.8675,313.44583,276.07376,65.75875,127.075,518.1912,74.11375,134.47874,144.325,354.87375,112.73625,23.08125,73.55875,110.75714,123.05714,278.47125,61.62625,25.4325,15.63125,505.71,106.43875,270.4025,271.21625,310.45874,196.68375,130.345,Abnormal
45,9443.878,6671.7773,6260.616,4905.709,3139.2488,10926.218,7376.85,3245.2512,6518.7363,5336.095,3932.2063,2551.8538,7450.415,4986.5913,3753.8167,10694.517,4003.8562,3372.5713,5071.6836,5406.7764,6202.286,4944.29,5458.3926,5923.9277,1994.747,4830.351,1223.9226,4043.165,5983.459,2915.4663,2618.8062,4026.8774,5379.8823,2946.4338,1116.63,3917.55,2681.4187,2475.9338,6961.1343,6961.1343,6961.1343,6961.1343,2285.455,5564.3174,2831.2954,3017.735,2537.5774,4689.5,2397.3374,3384.0117,3384.0117,3384.0117,3384.0117,3403.0212,4648.5083,3244.33,2548.0774,4601.4155,4706.9,2585.8289,1862.5712,1774.1975,3078.3474,2932.3562,3846.8374,2585.4512,4074.4275,2728.075,2785.4175,2315.885,3826.4963,1336.2637,2931.3857,861.29126,1859.8137,1742.0325,1893.51,2422.6511,662.645,2173.5938,2556.9094,1154.225,1152.4268,2244.8076,2439.8625,1937.6862,2451.782,2467.859,1412.3137,1169.87,1654.125,2179.4924,2114.7786,2025.5062,626.645,867.62146,673.955,1938.903,2786.5537,2904.7876,3341.9824,2360.264,2056.6987,3758.8662,2554.6,1634.0337,1471.7462,1173.5525,2069.5613,873.4412,4038.5012,2026.125,2226.4688,1987.5275,1180.7869,2937.8962,208.95125,222.51547,273.3725,203.97375,334.37,194.61626,231.11765,116.91625,42.2225,393.7976,105.465,317.67874,204.73334,275.565,270.67,90.65238,332.715,173.185,91.27875,169.55376,287.0375,155.36166,309.25595,113.8275,124.77125,151.83125,137.6125,60.05625,348.14124,155.64047,236.67876,97.46,205.9762,348.4575,125.31875,397.84286,242.1325,202.75952,319.275,200.19167,199.88095,211.5075,306.06125,86.49,265.14874,176.66324,121.1475,94.91375,169.66667,96.02381,72.44762,142.41875,253.85875,276.1625,177.67876,382.155,232.89375,141.21375,143.7675,398.1,107.42083,340.655,159.86,348.0925,153.2975,352.465,112.90875,239.245,185.5925,191.64125,133.10625,203.11125,209.10715,84.28928,371.04,137.59875,110.1825,46.1825,114.13167,177.2125,169.04375,352.77,250.66,97.16875,134.93375,Abnormal
46,14368.276,3651.991,3302.9275,5738.486,5115.913,4890.7856,5008.3286,5643.7812,6013.951,3837.7678,5468.1562,4009.4768,3601.6875,6879.555,6581.256,6469.808,6988.945,4277.1987,2821.5962,3470.405,6012.3,8254.451,8120.465,3694.629,4202.4624,11454.71,2714.6345,6801.9385,2321.0562,4907.0864,6563.6187,1994.4462,3666.9275,1996.3838,1404.3712,4449.0186,4555.5312,1442.28,3773.496,3773.496,3773.496,3773.496,5745.845,3335.6975,2534.553,1577.1274,6201.251,1839.1688,1350.3862,3830.9026,3830.9026,3830.9026,3830.9026,2024.2087,1628.3405,3990.1863,3782.9512,2131.187,1147.1458,3456.1274,2434.0327,5596.96,3483.236,2128.0725,4023.295,1852.5487,1043.9211,1513.6298,2201.5076,980.66,1714.3107,2355.975,3623.8464,1503.1337,2106.2263,970.8713,1980.875,1913.4375,1174.9438,1380.6538,3094.6282,1434.9226,1803.9133,723.435,2638.8013,4266.44,1465.0571,1145.9,1408.3888,958.97626,5106.275,1169.7188,847.5107,1230.945,1325.1162,488.96072,1347.185,2114.2175,1696.5125,1846.0137,2788.9038,4899.3486,3010.9675,3968.6038,2011.5612,1980.4288,2394.5413,1221.6938,1250.565,523.71124,1456.6125,1606.1958,4461.2173,3494.9,2503.85,7065.4575,118.095,416.77737,211.745,512.8663,605.22,222.35625,108.38088,260.98126,138.55376,553.8393,195.665,257.3025,97.75714,248.78876,76.31375,127.68333,144.30125,255.895,178.2125,115.58875,103.55875,191.09167,370.62262,131.22874,128.36626,61.43125,236.75,164.7575,156.25874,51.05357,501.62125,66.91875,55.11905,386.5575,377.68124,337.95477,280.0525,413.32977,144.495,80.01309,277.44168,95.17875,148.99,54.906666,101.49125,194.01471,176.83624,132.2675,74.655,262.50714,99.79762,534.97,1466.4012,89.9575,45.2925,192.35126,164.72125,393.34875,107.23875,244.51625,202.49167,254.50874,80.345,260.78,486.11374,144.71375,123.08875,201.94125,309.08624,125.92375,88.5975,170.99625,84.72024,86.02262,221.55875,74.87625,9.135,42.31,347.76334,97.755,112.0125,235.98,319.46375,309.88876,145.72626,Abnormal
47,6951.354,5565.7773,4480.785,3667.6465,4278.6167,7568.9287,6299.3613,5174.0913,4038.185,4831.826,7351.674,3543.9788,6017.5,5247.5674,6136.1,8252.908,6756.0225,4069.59,3938.1575,4974.4062,3151.0237,9734.153,5191.4336,5199.3486,3514.975,6789.4014,2365.9,5809.541,3799.4375,4098.03,8193.987,2092.2476,3630.6611,2888.33,1582.86,2216.5425,5038.4224,1624.57,3165.123,3165.123,3165.123,3165.123,5114.181,3227.0361,2163.55,2005.9512,5131.615,1916.4489,1899.2025,3713.1814,3713.1814,3713.1814,3713.1814,2816.5437,3076.913,2438.1526,3877.1812,3683.4214,2138.6667,4107.2476,1791.6942,4749.604,2304.4912,2815.514,2585.6963,1264.3824,1704.4125,2774.738,669.05,1100.7825,2232.512,3828.391,2801.2463,1519.8875,1361.4275,952.1788,1805.1125,1596.3025,1123.3687,1383.5325,2470.2405,2129.8203,1386.3717,1136.3275,2298.8525,3465.7925,1629.6143,2268.6687,1231.06,994.73627,4030.035,1694.155,1398.9226,1302.0225,1351.6663,802.7357,1237.3888,1033.1486,2240.4788,2758.245,3612.3975,2278.7788,3386.1963,5005.064,1976.7238,1038.5074,2226.609,634.135,1601.1812,828.8975,1410.5487,1512.4708,4244.266,3094.395,1051.2845,6650.5513,236.01,188.81667,161.20625,457.01376,702.3975,262.665,121.17794,329.0225,179.5425,300.0607,120.73,100.18625,142.51666,170.43,47.6325,162.34286,93.1275,427.75333,131.22125,69.3975,315.12625,179.27,378.8881,533.2325,124.99875,137.73,272.13,76.35375,245.73125,73.38571,525.3638,72.77125,91.05476,249.71875,425.70126,308.3881,181.99875,190.62024,206.8175,68.73453,207.47144,122.47,203.38,57.718334,54.87375,240.01324,221.32124,129.505,100.185,180.02975,75.457146,320.3275,1286.34,180.5075,75.18125,111.69125,146.335,108.66875,208.3,161.54375,478.2375,282.2025,45.97,252.575,694.77374,51.89625,65.07625,82.03625,193.78625,262.39374,108.79875,131.295,84.02738,99.580956,118.27125,100.14,29.84875,39.63875,22.986668,172.08624,48.6775,382.99625,154.77126,251.87,99.73875,Abnormal
48,6302.7764,4127.4976,3635.695,2604.7412,1796.4321,2736.157,3648.1038,2414.6438,3182.255,3196.1394,1735.0775,1866.5731,6146.016,4707.5864,2050.5583,6173.1,2143.0725,2272.514,2366.81,2444.8286,2238.89,4139.661,2323.9912,3918.9912,1657.3531,2073.5513,956.6667,2712.734,1308.5413,3633.0762,1190.3163,2852.4326,2861.675,2720.4238,1464.1975,1548.32,1220.0613,1470.0475,4547.7954,4547.7954,4547.7954,4547.7954,933.1275,5437.21,2166.256,1461.0662,804.07874,3021.195,1995.485,1690.2744,1690.2744,1690.2744,1690.2744,1197.7262,2593.8606,2741.28,2528.4812,1799.6893,4271.033,1012.88,1207.3058,1144.1038,1648.8562,1784.255,2525.6238,2485.6475,1836.145,1666.775,1539.9625,1670.12,1793.2262,580.29376,1601.8071,600.465,524.5613,1178.3988,1081.285,1613.645,616.4263,1425.7087,1365.7625,1128.256,1038.3733,1577.3975,1554.885,1341.2163,1074.9429,967.22876,1132.77,808.66125,979.2587,2012.0074,1540.9214,1493.0288,496.73376,730.5952,554.6838,826.9044,2489.36,847.57,2542.0337,1018.6688,1189.845,3025.3237,968.485,207.83624,469.765,607.5625,1147.1025,785.4412,3422.7224,1317.9375,2370.9463,1384.1825,1833.2726,1970.1562,178.2425,189.775,330.14374,115.86375,355.26874,131.9275,287.62207,47.08125,38.69375,206.42738,69.425,289.05,140.09286,36.44875,254.85625,71.21429,238.73,139.60667,32.87375,178.215,268.12625,106.93,144.16786,42.6,65.18625,105.8525,89.46375,22.7725,324.12125,96.73333,237.73,540.0087,181.1631,202.83,86.57375,311.14047,77.02375,147.28452,129.38875,190.2143,109.74167,77.51625,144.39,34.053333,79.9275,102.91029,69.6975,51.11,60.89,72.82857,10.041667,123.34625,343.19125,156.4775,111.92875,144.83125,191.1175,68.06,177.76875,256.2975,109.60833,237.71625,75.60125,157.585,117.86,78.8925,49.45375,153.99625,64.72375,195.52625,62.9475,112.65,123.63571,43.82976,257.44626,119.61625,40.24125,34.55,132.36667,118.73875,94.1575,307.23624,126.7875,79.68875,30.29125,Normal
49,6357.9214,3736.8455,2665.5913,2493.875,1306.2476,4092.718,3163.855,1077.6162,3865.8086,1923.3715,1210.8162,989.275,2881.5962,2263.236,1327.6643,3513.7334,1749.1638,960.1262,1644.8025,1823.785,2738.621,2311.44,2837.3225,1547.6487,601.55,1752.4083,621.60474,1293.4012,1975.8613,1274.575,849.095,1472.8362,1588.7087,1012.32,827.71625,2050.5237,972.24,621.03,2522.6467,2522.6467,2522.6467,2522.6467,860.6975,1144.615,2025.9125,1598.9738,795.6912,1132.9038,1172.23,1194.0647,1194.0647,1194.0647,1194.0647,1023.2063,1067.3857,1150.215,955.28,1682.525,1821.5917,816.4888,850.42883,675.8663,1343.3425,948.4775,1572.0975,1667.3313,1811.185,969.40717,831.3975,695.275,906.8119,334.76376,1048.3464,260.89124,652.2,612.89374,476.44,1203.425,321.33624,1188.4075,898.7531,517.43335,440.045,831.8275,763.4025,772.64374,880.5893,564.9988,800.2488,512.9487,551.6475,793.65375,895.2024,591.415,333.15,432.04285,242.615,822.9279,1076.4275,1115.05,1835.7388,1138.6663,683.1775,1259.5063,812.29626,652.91626,344.155,484.40125,596.1238,376.56,2715.4912,699.4375,1012.1188,388.3325,737.3595,589.0737,97.61625,126.63214,127.40625,53.465,133.16624,81.33875,116.92059,29.88125,20.53125,63.37381,57.09375,233.77625,35.338097,95.77125,99.68875,7.8059525,194.4675,7.738333,32.2825,81.1375,20.82,58.411667,134.1988,39.735,31.8175,88.33375,38.66125,37.075,32.0975,43.090477,45.5125,25.86625,56.24524,119.22875,42.85875,219.37143,59.96125,75.89762,69.71,85.692856,38.907143,80.96125,86.9025,64.21667,110.43,81.94706,18.4375,14.95,45.023335,40.29405,34.966667,84.04375,85.1575,64.48875,100.445,82.735,100.86875,62.35625,72.2425,173.4925,20.675,139.16,33.1125,61.93625,33.55875,76.41875,42.42875,114.65,77.81875,80.62,44.68625,30.81625,92.9,50.913094,156.0175,78.33625,60.5275,28.01125,38.13333,53.5575,120.07875,129.45625,95.69375,32.305,63.11625,Abnormal
50,7121.174,5346.6475,4254.1177,3399.709,4017.038,7158.918,5059.195,2970.6362,5341.0073,4779.288,2821.5974,2583.5864,4650.895,5976.109,2555.62,6192.3877,5407.1675,3898.8013,3718.7087,3559.775,4673.005,3745.3237,4060.945,1938.6838,2735.006,5584.45,1377.0857,3509.815,3843.1274,2385.4,2496.17,2133.675,4472.4414,1925.5125,1576.485,3106.4587,2725.8489,1773.9163,5819.4487,5819.4487,5819.4487,5819.4487,2117.3374,2916.9424,1406.7562,2774.37,2464.3887,1497.425,2203.6787,2596.5996,2596.5996,2596.5996,2596.5996,1805.4388,3397.0237,2441.0862,1652.1412,2789.025,2470.7625,3599.7024,1329.8981,2037.1226,1811.6963,1480.5012,1474.2675,1750.0238,2544.9138,1789.1333,1716.4463,1075.625,1939.0381,861.54376,1656.1964,847.15625,1178.2112,959.5175,936.585,1116.4213,658.66125,1449.9062,1319.5156,1164.4333,745.85333,1100.335,925.33374,2596.8726,1561.9178,1213.3625,631.04,449.38626,2177.2812,586.2512,1236.2618,1502.3962,482.23,652.28455,847.0613,1279.9529,1457.7388,1969.7125,1871.8638,1642.545,1422.54,2595.9326,1439.2913,1728.4113,1322.7262,660.89,1424.3663,503.205,3629.7524,730.2583,1877.4775,1131.6925,363.6238,1848.135,83.9725,126.76548,184.36874,112.9275,253.3375,74.10125,76.53088,104.5475,7.905,92.91309,8.8525,423.49625,52.864285,52.41875,439,186.03214,182.34375,62.546665,49.67125,317.7575,72.425,71.42833,113.19405,62.42,36.9175,76.875,32.81375,143.86125,89.89875,45.013096,114.57125,13.97125,114.54881,249.82625,102.4825,297.77737,71.6325,136.5357,74.71625,178.74405,141.23929,91.7575,140.39874,39.073334,90.3625,68.9147,144.23125,18.7775,41.85,68.53452,57.44643,17.3675,167.6825,80.1275,91.32875,201.28,46.89375,208.20876,104.73,230.63,164.4875,102.2375,28.4125,122.3025,63.09125,41.46875,131.58125,67.37625,64.815,136.75874,51.51875,68.0575,69.4881,58.720238,444.22626,99.49125,84.83125,24.94625,45.291668,81.83875,134.24875,81.9475,98.79125,148.10374,71.8,Normal
51,6870.3223,4751.761,4102.345,3182.0037,3193.6594,7264.9927,3777.5024,2669.4326,4191.89,4698.538,1019.0062,2190.1077,1816.495,2953.2976,1865.2988,4524.5293,3225.5862,923.4,2622.0725,3851.5076,3926.7725,4547.205,4155.9487,2961.5325,1889.2562,5670.2974,902.76666,1582.6412,2838.525,3715.7725,3990.585,1357.1625,4387.9863,2104.5188,1265.7612,2963.33,2857.98,1910.615,1941.043,1941.043,1941.043,1941.043,2072.7888,1728.5112,1872.6202,2057.2476,1140.3688,1023.5813,1831.8325,2587.573,2587.573,2587.573,2587.573,1374.8588,2439.5356,1346.9163,2592.0288,1764.975,1268.6292,1818.715,1507.7865,1705.4688,1517.8011,1131.1425,2518.9988,855.775,1057.9062,1093.181,504.40875,1206.6075,741.51904,269.365,723.1929,748.58,1477.6138,932.89874,868.7175,1485.3188,590.42377,1074.8864,602.58435,929.925,410.61334,1231.755,1288.2574,2312.5361,1923.7107,1906.495,680.47375,793.0538,1831.235,988.27124,282.87738,1211.46,812.5125,523.19165,589.47,998.9956,770.71375,2577.43,3020.2424,2092.3,821.7587,2130.9263,1244.6287,852.29,1345.91,612.42126,833.9875,435.105,992.83374,1175.0875,1192.7012,929.7925,798.0619,534.3862,91.47875,83.15476,190.70125,76.86125,192.69624,151.2975,86.91765,69.01,14.9,61.190475,12.35125,79.04875,48.45595,43.7925,53.75125,54.891666,81.18,88.66,45.88125,30.57125,51.87875,240.06168,227.74524,9.82,37.055,125.93875,58.0725,37.01125,50.95125,36.38214,88.78125,53.665,33.594048,142.15375,94.24625,339.60358,17.93625,95.580956,94.1025,7.227381,62.489285,64.12,130.6175,37.106667,89.54625,175.54265,37.54,43.8025,63.68,49.04524,24.928572,12.315,445.34625,43.03875,80.815,97.3225,37.30875,30.66875,20.81375,176.20625,121.57917,151.945,32.52875,83.46125,56.885,13.98875,71.26875,130.265,85.5375,55.89375,93.53625,62.8875,79.61429,74.28452,81.4775,26.39875,37.64,26.95,75.63333,29.6575,165.205,156.6525,73.13375,64.72125,47.57875,Normal
52,11605.972,8278.918,7316.104,3602.3518,8093.875,6572.75,4314.9814,5917.0264,7675.28,5028.7344,5096.509,4224.231,2309.1611,7860.9287,7190.9966,4295.821,8875.92,2813.41,2933.33,3462.9563,6774.865,10781.306,6473.4873,4618.1035,4620.1377,12061.6,2516.7024,6943.249,3135.0325,6089.8975,7018.5327,1814.3375,6491.285,2700.7524,1617.015,4989.661,6190.576,2229.6562,3442.1038,3442.1038,3442.1038,3442.1038,6315.5464,3493.485,1725.2188,3873.9724,6325.5913,1439.55,1549.795,3193.0637,3193.0637,3193.0637,3193.0637,1554.4137,3048.6213,4075.6426,2852.6975,2498.6833,2296.3708,5967.465,2885.45,4933.53,3146.04,1455.2538,4120.94,3246.385,1213.17,1289.0894,803.8275,882.76,1170.8452,2130.869,1273.2893,1976.7925,1743.5012,967.9375,1986.6775,1377.9762,1398.87,1119.2762,1067.4406,1215.0118,1629.2117,1629.3175,1336.3287,4658.4077,1642.4464,1765.16,1056.8263,804.7625,4621.995,1324.9012,770.8333,1945.2062,2619.744,660.83453,1557.09,1999.3824,871.0637,2141.0889,3667.3962,3975.9412,2345.1963,5360.1475,1242.8239,2171.2012,2348.9675,797.5737,1425.8788,406.76126,1443.4088,1314.9708,3393.265,4208.44,1759.6821,1045.015,103.89875,202.46071,180.74,372.14374,428.155,142.0425,79.88088,297.17374,149.695,148.72382,38.46625,102.335,108.91786,71.35375,80.9625,137.0881,89.41875,152.93668,144.13,78.19125,90.38,266.37668,371.03214,26.49,105.07125,161.7325,116.45375,77.65875,126.37,68.165474,253.965,50.61375,89.920235,163.9725,318.52,358.69168,93.1725,480.43213,115.42625,51.94881,94.54762,85.1925,122.93875,60.823334,69.70125,347.9544,101.04375,39.9875,75.23333,127.76429,50.511906,438.65,241.89874,103.2175,82.97125,243.48625,68.3675,196.38126,23.255,185.235,226.91667,133.0275,50.02125,216.98375,256.1525,89.145,150.53375,131.425,197.42876,51.8,71.0725,73.485,226.04643,118.15238,127.58125,86.525,61.835,35.3175,166.43832,29.24875,277.74875,329.37875,238.36874,169.66376,129.08624,Abnormal
53,7666.675,6409.739,6489.864,2451.118,4176.212,4654.6357,2321.5225,3520.3162,4477.451,7184.0713,2831.0913,2849.5923,1539.0225,3242.0425,3491.619,2595.5376,3740.6638,2738.0188,1440.5425,2716.055,3054.1611,7008.135,4304.8677,5379.28,2958.4187,6046.313,1717.2738,2585.6538,2186.6274,2565.065,2956.5237,2365.4536,4711.905,1991.8162,1281.0162,2707.2788,2857.015,1508.505,2158.5405,2158.5405,2158.5405,2158.5405,2967.485,4468.5225,1293.3219,1742.0588,2699.62,951.365,2492.7761,2774.2832,2774.2832,2774.2832,2774.2832,1325.5938,4100.7144,2018.975,1894.7788,1288.4489,2613.0376,2918.1675,1189.975,1932.035,1526.0312,586.1813,1439.7588,1284.75,404.9825,673.05237,691.20374,1867.8975,656.525,855.78,1876.75,1220.4137,1293.24,703.655,820.0975,844.3725,726.1287,718.705,1484.3281,728.7119,1223.07,719.1987,865.28375,2031.6412,1477.1964,1016.38,591.91125,449.9175,2062.8726,1432.6162,301.9643,1622.965,670.265,616.9905,805.71,898.49414,288.44125,1507.3013,3863.0376,1826.2375,1263.7524,2673.6462,840.82623,828.1925,1851.485,492.31876,641.16,367.5575,1500.1562,784.7125,1408.7688,1110.665,559.0881,668.25,67.265,43.50476,284.4575,127.63,146.285,67.09625,72.75,40.75,48.815,50.272617,24.70375,60.07625,62.95238,50.85125,98.88625,51.157143,84.90875,46.546665,49.50375,36.7125,24.94125,107.265,167.6988,18.3075,67.1275,130.68875,27.65875,33.05375,92.52,66.96429,112.86625,43.815,65.44762,138.89375,66.73625,328.25476,11.8275,143.68929,192.22375,62.29643,27.165476,51.98375,135.44376,37.78,49.24625,111.825,41.02125,12.625,26.878332,55.24524,37.2,30.9375,81.83375,52.9125,57.30625,158.66624,31.04375,52.51625,13.35375,118.9325,74.82083,70.95625,48.38,133.99875,62.81625,19.1375,44.21,62.93375,63.4375,36.98375,38.595,60.87875,7.544048,34.45476,225.64,36.6025,81.75625,8.84875,70.15833,37.53,100.54625,95.3375,95.475,81.32875,43.6625,Abnormal
54,4177.2837,4984.0977,4585.899,3165.1555,3051.5571,3404.4,2389.89,3228.6475,2292.2087,4501.6704,3206.4988,2421.4768,1859.28,5320.0938,3043.6892,5520.967,3162.4536,3021.4026,1425.25,1455.4225,1433.8137,4249.485,1514.38,4041.1975,2153.756,4263.9,1380.1119,2961.5212,1499.6086,3483.9924,1976.9088,2675.0938,3628.4824,2835.3674,569.32,741.6238,2368.1938,2018.5713,2997.398,2997.398,2997.398,2997.398,1994.06,5478.411,1580.6733,730.0087,2561.3962,1030.5063,2149.5486,1729.1255,1729.1255,1729.1255,1729.1255,958.27374,3316.6511,2798.234,1704.7863,1075.5393,3630.4668,2160.955,1469.9596,1728.1888,799.335,711.48126,1101.5488,2953.9912,1311.4539,713.7357,789.3063,1828.8375,934.17145,853.13873,665.1607,837.59,524.665,960.71,1287.555,1469.5663,744.2925,1103.6912,611.1312,1007.1905,729.17834,815.4875,715.48126,1725.7112,1383.482,401.96,740.76874,710.8425,1629.6075,1656.515,328.92142,1663.9463,578.76373,633.40356,874.225,1081.0559,946.95,648.01874,1798.3011,599.175,1820.3462,2633.88,549.55,208.66875,898.7,530.64374,481.105,780.35626,4200.794,1078.0375,1961.64,1265.5837,218.79286,1510.65,127.36625,85.26667,383.11124,235.01875,285.36374,110.96875,135.37646,103.77625,52.255,54.93095,40.9275,98.0825,111.82976,68.13625,235.9725,104.31905,56.2825,91.121666,83.5775,207.08624,56.515,68.28167,114.10833,32.4475,66.9825,69.11125,32.2625,90.63375,193.26875,116.93929,136.8825,84.5125,149.02618,207.7225,106.905,224.73334,52.25625,187.68333,129.79124,238.11786,135.375,107.64375,139.88126,70.52,59.32,121.65882,148.5525,66.23625,92.43166,78.61429,39.528572,156.3325,199.00874,145.42625,21.41875,268.26126,68.6825,81.00125,56.22875,222.81125,144.25833,207.92,75.78625,56.09375,81.44375,221.81625,35.32,144.30624,49.6625,48.61,72.17125,96.67875,55.17143,48.270237,388.3025,146.05125,18.7825,66.09125,22.466667,54.9075,90.18,272.54874,77.93375,131.01375,35.545,Normal
55,5777.174,3387.8933,2413.6526,2843.2625,1467.0393,1928.775,2793.6138,1844.9625,3297.4011,3073.1333,2266.2063,1747.127,2105.7363,1895.8125,938.95953,3531.579,2499.9824,1808.725,1879.2087,2005.3412,2140.16,3340.21,1673.5062,1900.075,1338.6094,3509.094,1075.8214,3174.8337,984.3775,2280.18,1155.8613,1180.19,1575.6825,1229.3662,889.70874,1435.22,1635.4838,720.6875,1601.8868,1601.8868,1601.8868,1601.8868,1360.9637,2504.1763,1747.5391,1421.0112,651.3575,992.5737,1006.4788,1633.7502,1633.7502,1633.7502,1633.7502,1059.675,1150.1833,1460,1195.2925,1693.7952,2249.1917,1185.095,924.57306,1251.4575,1467.8662,1196.3738,1779.7437,966.5075,816.8038,493.50476,839.0625,524.5075,938.4631,805.5725,612.5607,513.01624,758.95374,459.14874,1051.7762,974.045,480.79,1093.4238,622.97186,763.8393,609.2417,716.7488,1407.6287,1455.9075,1098.0286,589.21625,815.5975,576.405,1103.7125,649.98126,673.0119,845.36,1016.1312,612.5917,463.105,813.5294,553.4525,1069.79,989.5037,1076.4812,736.31,744.7825,831.3738,448.78375,773.15625,522.2025,722.2425,840.265,1476.1675,719.31665,1725.07,878.02875,312.0869,2453.05,92.2875,69.32262,280.68375,36.27125,169.68875,147.71625,16.216175,266.28,53.95125,101.25119,75.1775,96.6025,66.5119,49.5975,54.49625,69.02619,107.20625,89.785,10.98125,60.0275,93.5875,19.178333,183.97739,69.76375,72.35,72.1575,137.73625,83.835,109.8875,61.69762,188.2475,49.89125,12.688095,101.02625,102.93375,136.4881,50.81625,153.06786,109.15375,69.86429,37.689285,52.7625,48.17875,33.016666,56.09,81.24559,47.82375,45.1025,42.353333,127.7869,47.86905,109.78625,684.135,98.64125,55.78125,90.30625,48.69875,44.35625,47.0875,97.84125,63.466667,121.84375,48.22125,42.825,61.6875,17.3925,76.26125,98.93375,103.88625,109.2675,31.14875,72.64875,11.865476,21.62381,377.79626,53.05875,17.905,19.9925,22.368334,35.34375,32.42,122.54,146.98375,92.9925,67.79875,Normal
56,4527.004,2912.307,2124.9888,2609.05,2077.968,2888.5642,2661.26,1842.1538,995.79,2460.3333,2475.54,1496.0404,2282.8474,3760.6826,2101.5298,2825.1582,2603.859,1989.2988,1517.4625,1902.4188,1319.4163,3727.3088,1412.155,1683.8163,1305.6969,2187.0452,901.6107,3017.2,1450.425,2553.1238,1626.7412,1533.6226,1818.0688,1307.7588,461.22125,701.135,1752.6825,672.5175,2453.6443,2453.6443,2453.6443,2453.6443,1450.8813,1515.1587,1457.2797,552.54877,1843.47,1201.8289,1396.6013,1192.9579,1192.9579,1192.9579,1192.9579,899.01373,1192.55,1776.175,1535.0675,1491.5774,2141.1458,1343.2112,1126.8673,890.85626,801.6,630.02625,1081.59,2716.5437,1476.315,710.7559,896.025,569.945,645.0095,852.67377,595.2679,510.5825,442.025,458.96875,921.3275,799.54,363.20624,840.3525,583.2656,1017.5429,476.595,601.4325,844.4387,1182.6238,770.29285,546.83374,665.27374,410.775,1044.8975,987.6262,736.5857,924.79126,401.9725,463.7857,369.38126,943.7088,783.7775,835.805,1170.3011,568.4913,1312.5024,2275.1587,708.72,264.675,633.16,404.9575,632.35376,352.76624,2336.7761,550.7417,2141.1714,936.41376,467.64523,1520.3687,67.76875,104.18095,213.73,144.98875,256.64374,81.015,73.48676,74.76875,64.47625,60.564285,62.135,180.72375,50.613094,47.57875,260.4175,67.61905,68.7175,61.171665,47.70375,175.7825,37.1825,60.671665,68.48214,41.43,29.5775,62.37625,28.7,73.61875,68.305,44.25833,137.87375,26.0525,65.688095,232.15125,110.39625,87.564285,35.525,166.16667,51.38875,76.67143,120.175,43.44875,121.88375,74.51667,42.035,101.34265,54.28375,53.8975,26.89,55.54286,18.82619,98.76,194.52374,81.655,32.5475,80.2025,70.595,95.44,29.32875,99.20375,68.44583,88.84625,34.65625,39.6225,98.36375,152.3125,50.6025,85.26,46.95375,73.53875,32.82625,45.47875,59.604763,17.827381,300.90125,65.4925,6.47125,8.33375,69.20333,42.345,58.62,70.54375,68.30875,69.33625,20.4575,Abnormal
57,4653.2373,6251.5566,4947.1226,3763.5464,2737.1606,2792.532,2005.7125,2201.1775,2919.9187,4304.52,3431.5662,2122.3596,2822.3962,3008.3174,1941.9905,2817.8042,2185.6562,1898.2925,1456.71,2051.3826,2400.5862,2481.8926,2075.609,3912.4412,1843.0906,3177.3286,1108.1143,3163.755,1501.2162,2256.8926,1743.5737,1964.0837,4127.279,2214.14,1004.5112,1243.3875,1786.6825,1781.7,1827.8485,1827.8485,1827.8485,1827.8485,1314.36,5019.879,1125.3,678.5125,793.04626,658.90375,1828.965,1149.3347,1149.3347,1149.3347,1149.3347,813.72125,1563.9833,621.6937,1712.2637,1357.3881,4304.0874,1253.24,996.5615,1007.62,903.7325,641.205,1244.5587,1491.5487,558.525,803.2643,477.34375,1168.0975,509.55594,815.5775,1686.2893,505.33624,539.2975,608.77625,1693.95,768.9575,438.115,787.5513,1430.253,951.74884,260.75,655.09875,510.56,1170.8726,1279.0143,656.53,998.54376,766.42377,827.8738,1016.0762,541.59045,1249.6086,369.59,890.60596,425.75876,420.12354,462.54,835.115,1692.0162,756.3375,520.5538,1126.6414,591.1425,312.32626,657.185,519.33374,542.17,903.72626,3015.0325,655.75415,2219.0264,637.0325,193.3607,2600.845,8.10375,67.692856,275.33124,22.4025,161.14874,68.37,20.266176,36.18625,45.895,17.79881,51.14,69.74875,72.37262,35.7425,90.615,127.50714,108.37,7.8483334,18.25625,53.5475,31.62375,60.321667,67.832146,19.765,79.08625,50.86375,13.5925,46.2825,84.53,56.714287,83.6975,94.69625,53.70476,46.1375,31.21875,336.61548,7.28125,88.3381,125.015,36.010715,33.67619,77.395,45.5325,23.875,41.955,81.71471,51.99125,15.6875,182.47166,228.76666,24.22381,19.5425,364.35126,163.19624,58.54125,21.81625,48.80625,23.1625,19.92625,88.97875,139.91667,64.96375,108.0175,99.50875,48.85625,30.83625,28.00375,101.95375,24.91875,53.63,38.41375,89.39375,39.54881,11.085714,613.9625,152.135,116.42,41.49625,6.4583335,6.4475,40.3025,122.23625,54.86375,64.57125,29.665,Abnormal
58,4972.166,4173.918,3668.5337,1567.5554,1570.4406,3466.8108,2106.4988,1535.7574,1887.6212,3519.6,1398.4675,1291.8173,886.01874,937.2375,1876.1274,1591.5958,1435.05,848.9675,1235.0511,1651.6038,2728.3325,1587.9539,2231.07,2202.5989,1186.0438,2564.9346,772.20953,1205.9475,2035.7137,824.305,1470.9713,1325.2125,3051.5288,973.625,781.6775,1907.5413,1263.22,685.9825,850.0457,850.0457,850.0457,850.0457,1390.49,1906.195,560.6375,1116.6925,1780.7438,449.1325,778.33,1071.3666,1071.3666,1071.3666,1071.3666,895.525,1747.3048,546.45374,595.6625,1059.0035,1617.575,622.6188,358.53076,852.47,1191.38,402.8375,736.7525,536.5525,306.52625,480.41428,346.30624,347.195,366.52618,418.32,825.2857,395.44876,630.7175,299.82376,343.07626,445.40125,280.22626,504.39374,686.33124,290.3881,456.695,271.49625,443.58,727.65625,1169.5321,723.17377,304.54,274.92374,700.53375,616.165,269.49048,818.0012,338.775,293.0107,328.4625,640.8397,213.00874,1330.7062,1141.3162,1048.5613,468.0825,904.63873,599.13873,971.915,573.41876,316.9525,405.41125,223.96375,746.515,314.10834,1069.3625,307.85626,370.66904,221.47874,21.73125,82.12857,128.2225,43.71875,67.79875,78.9875,19,26.43125,23.895,41.56905,29.96,15.57,62.528572,29.48625,36.46,24.7,42.46375,14.815,16.02375,9.035,7.6375,30.996668,114.52738,7.6175,78.95375,53.94125,42.14125,22.67125,80.6275,44.721428,30.60125,38.30125,35.030952,68.9325,52.6975,116.99048,74.90875,49.74167,78.84375,55.404762,15.707143,51.03625,133.38126,16.721666,18.24375,31.782352,12.02,17.6125,10.531667,13.009524,6.9785714,6.9775,29.31875,35.93625,29.605,114.7125,54.80125,30.0625,8.64125,57.79625,18.454166,36.49625,26.4025,6.74875,44.90125,6.715,25.24875,34.78875,38.76125,26.15375,31.67375,19.205,18.02143,24.125,249.2,70.295,60.07375,13.93375,22.55,10.44125,32.77125,185.2825,107.1975,22.98125,54.58625,Abnormal
59,9112.372,6824.4863,5982.846,3147.043,4847.308,11222.682,6333.4727,4299.5024,4644.4424,5888.5464,6527.65,3105.425,2482.5662,3450.61,5076.664,4989.6875,6692.5986,3717.11,3561.9775,3590.9976,5292.136,4991.01,4514.9385,3117.7375,3144.9407,9123.46,1915.194,4192.3726,6196.5015,1917.3475,5432.175,1317.71,5229.73,2086.785,1820.9188,4538.2573,2897.3462,1677.315,2050.131,2050.131,2050.131,2050.131,3111.0837,2502.7725,1088.4406,2278.0725,5060.0386,1713.915,1714.5538,3649.7134,3649.7134,3649.7134,3649.7134,2807.005,3537.3535,1863.2312,2855.6226,2120.9321,1416.5667,2796.6174,1153.3809,3299.1487,2988.8474,1170.1588,1898.3387,2181.83,1125.7961,2239.7727,1243.7587,1062.2125,1505.2964,1987.1125,699.8,1052.07,1808.4338,923.98627,982.1425,943.39624,919.76624,1269.3,560.7,665.8571,811.345,667.27374,1444.4763,2213.1138,1691.2786,1359.6938,696.03625,749.785,3013.6626,1409.8875,546.6393,1743.6825,471.62375,473.3393,838.02875,1262.6088,1328.105,2138.7837,3710.68,3070.0261,1566.4213,1723.5975,2823.335,1544.6475,1163.9038,631.1475,1473.1737,332.04376,1498.6013,614.4458,1549.435,1319.5887,275.30237,991.79126,41.42875,246.21071,270.50626,179.14,218.02875,126.85625,33.54706,116.4425,48.33125,103.07024,60.78,56.235,52.85,87.94375,7.825,55.088097,99.2575,54.111668,62.90625,56.4525,53.615,57.996666,149.65356,9.72875,142.72874,78.84,145.9425,48.04625,52.43625,49.74405,110.30875,39.97125,47.092857,214.57124,175.97626,337.44168,26.695,118.88333,71.01625,78.208336,119.22381,34.23,37.31625,14.631667,28.2525,40.835293,27.81125,52.7975,23.09,45.87976,9.809524,14.7175,30.4225,40.51375,99.28875,248.62875,80.55,118.34125,21.17375,100.7725,88.1625,101.56125,45.32125,101.7075,155.81125,28.60125,86.15625,89.05,75.6575,51.8,78.18125,46.455,30.588095,94.30476,247.45375,65.94625,269.24,43.675,21.473333,49.805,79.85375,127.11375,101.96875,111.195,6.41625,Abnormal
60,6730.625,3472.125,2559.4624,2624.6892,1596.2179,4372.789,3798.5261,1026.4775,3512.3337,3243.169,995.0475,1272.5135,3456.8562,2715.22,824.8381,4483.5044,1973.8638,1391.8262,2468.22,2214.7876,2291.665,3013.675,2744.1836,3144.625,903.14374,2003.531,649.77026,1983.4489,2078.5774,2058.875,1055.8862,2595.435,2770.4612,2260.736,514.63873,2030.5062,1122.9712,1100.02,2873.6702,2873.6702,2873.6702,2873.6702,844.9263,3401.6638,1963.0297,1382.74,600.8187,1942.0511,2074.2375,1488.149,1488.149,1488.149,1488.149,1350.0425,1970.6738,1361.1575,1243.83,1737.2821,2688.1667,901.815,621.5673,759.3063,1739.7913,1240.6138,1916.0212,1744.8625,2769.8374,1142.0273,916.14124,1275.7875,1496.0869,643.41376,833.4786,378.81,460.09625,621.32,512.0513,1301.6613,276.60626,1264.7262,695.5687,615.02026,407.97,1183.0024,1267.4775,907.39874,1276.7393,737.58875,802.53375,589.215,797.3425,1541.1538,1062.9667,1435.62,441.2525,787.7262,295.1625,972.16327,1604.4211,1201.195,1964.1525,1077.0812,936.65125,1743.5188,1019.5038,493.99875,229.49,457.53,772.33374,739.4025,2644.5337,878.9,1271.3862,657.8525,2711.925,1083.6825,88.1775,142.75714,297.445,70.36875,148.98375,106.77875,176.59853,47.42875,22.77,78.958336,78.4225,108.08375,64.8,87.5725,391.3475,54.97381,173.3375,36.44,15.46125,107.84,96.37125,42.59,172.95476,55.375,63.19375,90.6675,68.34125,44.91875,221.12125,85.78095,103.605,50.84125,109.2131,163.655,81.65875,120.15833,91.03,105.26071,71.07,132.99643,52.32619,95.8125,94.92125,28.09,98.24,69.32794,30.25375,24.08875,54.643333,17.640476,32.19762,55.8425,62.635,76.5725,231.9725,197.01,133.715,32.535,82.53375,159.14125,66.541664,184.80875,36.99875,119.62375,78.52125,27.7175,58.08875,125.85125,92.2775,114.15,70.19875,74.34875,59.929764,65.066666,321.61124,77.42125,40.89625,39.865,368.30167,62.98625,111.72625,159.55125,93.41375,64.3125,25.26375,Normal
61,6234.6226,4005.3,3093.675,3183.0857,1795.3107,3940.8464,2019.85,1406.65,2927.7937,2177.3203,1985.2262,1329.4423,1347.2637,1270.1688,1767.2881,2431.4043,2593.85,1163.0088,1583.59,1996.9637,2816.8462,3279.5288,2897.6262,1767.5074,929.7469,2580.5596,699.0857,1884.115,1575.7463,3717.3425,1995.5488,861.10626,1651.995,1367.3462,731.34375,1768.6613,1332.6038,881.66,1214.9532,1214.9532,1214.9532,1214.9532,1463.0688,1698.7312,1445.9984,1140.9888,1547.2675,619.015,1381.785,1509.0684,1509.0684,1509.0684,1509.0684,999.2425,1463.8976,1874.4539,1947.585,1169.506,974.1958,1329.8563,671.23267,1651.6475,1446.235,927.4425,2290.6814,702.75,402.3225,376.64166,761.01373,649.9425,554.2226,1148.5238,416.28214,259.15375,1146.92,440.79376,601.70874,1042.6525,243.8725,414.1,367.6906,576.4119,921.4267,479.21375,854.6725,1561.5074,876.90356,717.08124,489.3825,393.14,1255.3237,754.0675,260.67737,659.76624,495.59625,383.3369,406.20624,1030.7559,400.495,1256.4937,1435.0575,1637.2,777.91,837.6975,708.0675,216.71875,825.94,464.625,505.58124,434.25626,982.0737,578.975,1717.5575,557.9025,1036.5714,1935.2,29.0175,104.72381,83.86375,31.0425,125.96,102.66,58.120586,125.7075,61.14125,67.439285,57.71625,98.18,61.86905,32.135,40.86875,41.57619,83.065,106.15167,49.32125,22.6875,70.715,143.91167,208.53333,58.635,68.885,84.68875,64.19375,38.205,102.62375,51.516666,234.86626,14.21375,32.221428,235.47874,95.60625,142.68929,22.24125,76.38214,98.565,13.692857,68.3381,27.7575,55.5125,41.101665,66.7525,60.838234,7.0075,43.6625,42.646667,55.38214,11.686905,108.09125,1071.4813,66.85375,6.91375,139.81375,52.18,54.2875,31.615,106.01875,6.804167,90.3525,8.06875,60.745,117.59125,33.10875,28.27125,95.15125,183.5275,35.5575,20.27625,64.80125,14.995238,26.720238,123.9075,59.09,41.56125,25.14,189.73334,32.61125,44.16625,219.6325,116.775,65.37875,21.7525,Abnormal
62,7472.01,3653.934,2728.2163,3494.4805,2404.6655,5791.607,2876.4211,2150.9587,3767.0024,2685.3,3280.8462,1655.3058,2565.43,3764.3638,2919.9,3681.35,3288.5,2148.9275,2331.1226,1993.0112,3532.64,3658.9575,3263.8262,1036.3676,1541.1188,3364.625,934.97736,3162.6438,2912.83,3381.2212,1975.7037,1911.4012,2886.5774,1747.9625,786.16376,2404.915,2080.17,1164.6512,2915.1064,2915.1064,2915.1064,2915.1064,1613.4912,2026.8925,1513.6187,1566.7637,2399.3425,1327.4763,1596.5475,1417.2239,1417.2239,1417.2239,1417.2239,1186.365,2237.319,2271.0337,1748.5387,1888.9976,2502.796,2080.2163,1277.2058,1484.1013,1894.34,730.7562,2071.8586,2287.5125,1649.9338,900.5893,866.46,653.595,752.5893,940.1075,1520.6571,518.625,899.2225,728.09375,1162.6288,1173.33,300.805,801.085,1244.6,950.55,606.75336,960.645,642.4975,1570.2512,1124.1143,726.47876,789.915,500.86124,1649.4926,823.3837,615.25354,1212.1324,468.7375,730.5131,420.615,1304.6588,915.23126,1418.855,1582.0187,1604.2961,1206.8137,2025.32,864.89374,815.2488,1028.1113,515.015,614.64,634.665,2672.2837,787.5542,1776.33,1026.7524,1038.2405,1444.8425,32.44375,138.6762,209.03125,137.49126,185.13374,68.525,87.319115,52.63,45.76,47.20476,46.3775,155.88374,53.63333,55.9725,197.09,131.86548,217.715,81.113335,43.7725,166.4725,37.66375,79.81333,120.29167,75.6125,37.11,67.3825,24.6075,89.72375,49.175,74.71429,119.51125,59.86875,64.96905,203.23125,77.9475,148.34525,26.35875,98.13809,114.62625,116.27857,115.15357,69.40875,85.0875,39.191666,76.09875,78.95147,85.46625,56.39375,36.908333,63.730953,44.80595,78.22375,397.55624,70.29875,54.00875,126.08375,77.30625,60.3775,66.69625,145.72125,79.129166,104.855,54.34625,84.4375,70.07375,125.84125,48.16125,119.41625,90.375,44.435,35.52375,89.68125,33.42738,12.213095,372.35,41.35,8.24875,19.88,150.59,40.9875,124.18625,104.94125,78.97875,77.03125,68.37625,Normal
