1,8589.416,5468.2407,4263.4077,4064.9358,1997.893,5282.325,2169.72,2773.4211,7526.386,4607.6763,2598.06,1522.6462,1300.5988,1181.63,2417.9583,3139.4,2473.2612,1306.9038,1285.6025,1900.3613,3504.2139,2428.0525,5150.0137,3855.84,1806.475,3192.413,872.0143,1135.8239,2365.2424,1567.2363,1643.5575,1582.035,2854.9875,2513.335,930.0712,3166.58,930.3038,2018.355,2065.5945,2065.5945,2065.5945,2065.5945,1926.3962,2701.3638,1327.6923,2523.0337,1703.055,832.67,1183.4763,2344.6104,2344.6104,2344.6104,2344.6104,845.0225,1528.7905,1185.7137,728.45874,1148.1595,3684.6208,1397.465,849.18463,983.47125,1538.2961,661.4487,1993.4463,976.26624,892.73126,625.87384,667.8925,622.895,1312.569,550.065,1407.3821,742.9913,1777.345,532.83,549.4888,686.3812,450.05624,525.4675,1344.4938,365.03928,485.315,253.535,749.5425,1501.865,1134.6179,499.8475,583.1375,570.8575,771.31,655.7438,382.09406,1224.5,343.4675,1069.919,337.6825,1035.2177,335.23624,1224.385,1449.3075,1710.5837,498.3875,1830.8862,845.54376,1945.3475,813.6075,841.665,429.51126,1115.5413,1388.06,910.3042,611.89,506,389.99643,297.155,85.08,89.434525,124.4925,98.03875,81.06625,41.1,26.519117,67.10375,21.6525,91.15,27.6425,35.175,37.114285,207.205,51.045,58.33095,52.51875,28.113333,52.1775,20.51375,34.87,84.19833,90.77857,36.14125,50.7525,75.14125,31.10875,7.39375,115.42875,63.304764,37.545,47.87,56.20238,113.695,77.47125,114.32976,102.78875,94.454765,64.2075,72.87857,45.789288,82.58125,71.94125,39.75833,69.37875,15.642647,81.11875,34.0225,64.82167,66.71191,28.8,75.0125,13.08875,85.6375,30.39125,163.51375,92.91,28.20625,30.3225,73.88625,85.3875,73.13375,28.015,67.93375,22.79375,42.35,36.61,66.7475,76.575,23.44125,76.68,56.65875,33.103573,41.158333,247.29625,66.83875,49.7475,62.6625,42.038334,22.6475,122.7875,212.19624,76.1525,45.10625,135.19624,Abnormal
2,9164.254,6719.5293,4883.4487,3718.159,2015.2214,5569.907,3849.0588,2793.3875,7017.734,4802.2524,1672.975,1792.1769,3792.5425,3630.3826,1906.2131,5745.396,1919.4462,2036.2838,2253.3625,2490.8738,3759.585,4268.9185,4166.1914,4286.69,2699.2844,2796.0833,1015.9143,1459.1025,2865.0388,1156.9563,1351.965,3218.3213,3855.5337,3097.4539,1667.5425,2779.3037,1064.2675,2430.879,2814.28,2814.28,2814.28,2814.28,1288.305,4866.3086,1631.1578,2609.955,1573.8662,1795.6613,3155.3425,1559.2797,1559.2797,1559.2797,1559.2797,1166.2,2893.843,2249.1736,1451.4475,2004.1523,3002.4,1700.5188,850.11536,1210.1713,1762.17,1395.2538,2465.4375,1933.5863,1671.5825,1418.9071,1163.2712,2439.4775,1070.4036,582.945,1773.3964,678.055,1434.7775,560.085,603.0625,934.9475,683.9963,1126.3975,1578.7,652.65717,854.12665,1148.19,904.275,818.41,1413.4357,682.415,882.6875,664.96,1095.185,1223.0138,907.45715,2148.1462,423.62125,1073.9155,486.94876,1008.4603,1371.035,1194.4775,2252.6262,2038.1488,1044.1613,2453.37,1076.21,2232.3862,572.92126,927.44,929.5637,1449.74,3973.0237,941.9292,1333.73,836.6138,1182.106,537.465,113.41375,239.97144,297.58875,114.06875,101.08625,77.33,96.68823,65.105,27.63125,73.186905,100.4075,51.905,70.65238,212.86125,237.20125,70.8,156.60875,53.538334,23.70125,105.84,86.945,70.816666,102.42262,82.29125,75.0725,108.67875,43.915,17.29625,186.12375,77.10357,92.965,78.1625,91.275,80.99125,65.49375,141.1869,139.79875,78.17143,72.14,144.86548,92.63333,82.81375,32.70375,53.04333,79.12875,88.55735,59.585,32.0525,106.045,56.74405,51.857143,195.8725,130.45876,98.02625,65.9325,191.20876,156.4025,36.02,64.78625,103.125,52.0625,111.175,60.435,165.40375,59.22875,61.7875,35.61,103.30125,99.895,60.3225,90.88,43.2325,61.82262,26.5,301.66876,85.22875,56.45,49.99875,146.67667,64.36375,150.54124,247.57,114.215,41.84375,169.08,Normal
3,3825.705,6970.3613,5369.9688,4705.65,1166.5536,1572.1678,1325.4025,1472.2587,3296.9512,2786.582,2441.4187,1487.6711,1315.8538,855.455,802.30475,3251.1084,781.995,1618.65,1066.8387,1006.2112,1436.785,658.8787,1924.7913,2080.6611,1155.9438,1444.0964,853.4429,734.52875,763.3075,704.1175,591.8088,807.39374,2138.8726,1734.115,905.62,1378.12,797.1925,1880.1875,1389.6302,1389.6302,1389.6302,1389.6302,535.72626,2106.655,660.3547,1327.9062,685.0037,452.5875,1380.55,1109.334,1109.334,1109.334,1109.334,469.975,933.4381,349.66876,725.45374,631.5369,565.65,660.2463,349.89807,367.6675,952.6225,472.96,844.1675,415.31125,283.30124,280.16666,340.445,869.9575,281.7881,304.86874,1221.0643,465.265,827.2413,637.2525,260.5375,304.99875,456.50375,594.2562,1133.4094,536.7774,1078.85,328.37375,262.695,682.8525,1428.5035,328.07626,383.36374,663.67126,387.5575,424.8175,266.07858,568.29376,236.0025,796.25476,266.675,423.86618,254.83376,296.58875,390.5575,766.3713,209.1925,300.52875,361.45,1000.2162,330.21124,721.145,259.94,1285.7162,1412.805,202.4,338.36124,195.16125,223.18929,801.3862,71.62125,32.391666,130.54,8.00625,7.99625,65.095,22.860294,27.445,17.27375,12.202381,20.19625,86.1075,18.788095,125.60375,19.395,141.52975,57.04375,7.9866667,7.73,9.13625,20.52375,55.371666,53.105953,41.83,75.87625,48.0525,18.9425,25.8775,44.26625,38.42619,13.88125,33.11,18.167856,100.80625,7.3225,130.50119,66.2225,18.869047,249.58875,52.41786,7.1988096,104.8975,19.2175,29.071667,31.66125,18.088236,29.7825,17.83,90.778336,153.45952,42.689285,31,44.86625,118.68,35.25,120.205,29.7225,18.62875,12.21625,96.03625,112.45417,26.24625,40.73375,19.42125,6.74625,16.3575,6.6675,57.1275,22.79,43.16125,59.78375,42.2775,35.139286,24.025,438.2475,61.14875,101.5525,38.0875,9.163333,24.0925,20.94625,46.76375,59.25125,27.73375,62.98,Abnormal
4,6246.4487,7823.534,5955.835,3975.5642,2002.6132,2130.543,1531.1425,1714.6312,3869.785,4989.407,1723.58,1298.725,1309.3475,1789.67,1587.7917,3496.1458,1226.2975,1597.2812,1144.6912,1139.6274,2662.0974,2636.1562,3134.7476,4244.07,1186.8938,2342.382,792.2143,1133.2375,969.8237,835.3862,1392.7162,3034.5713,4699.395,3312.4812,854.4288,1880.54,1329.3225,3124.2488,2456.093,2456.093,2456.093,2456.093,901.29,4344.305,762.0875,2171.2375,1425.2875,582.195,1969.8763,1651.3499,1651.3499,1651.3499,1651.3499,505.0575,2144.331,986.54376,1225.8011,676.1738,1092.1542,1050.1938,498.43655,764.0737,1363.215,493.53375,1545.87,438.51624,516.01,485.6024,421.35126,1866.065,299.92142,618.5975,1386.9429,397.65875,1196.6438,611.4525,430.7125,517.7425,505.34375,277.36,1256.0562,453.66904,1313.0782,395.5825,310.14,1081.7574,1753.3143,402.625,363.4875,491.26624,791.39874,1235.7863,298.50952,1321.0475,387.52875,824.51904,270.50626,703.19855,434.71,460.82126,1629.8013,1526.11,602.1775,1373.0975,391.47626,1455.16,493.1225,792.6937,278.34125,1635.0413,2265.7263,418.93332,483.0525,464.72,259.78928,1241.235,67.8025,56.014286,127.80375,68.555,53.83,90.9525,26.127941,22.34875,24.445,44.232143,56.09625,98.1025,40.665478,98.3475,39.16875,60.29643,74.27375,17.053333,21.67125,26.11,16.7025,41.658333,65.166664,57.1325,93.13375,106.9925,35.42375,12.52625,86.5175,89.311905,48.28125,50.29875,54.24167,122.44375,37.6275,228.64761,86.15625,56.4,97.71875,110.57262,48.307144,146.645,55.07125,41.361668,21.01125,28.407352,63.99375,21.4675,158.30167,6.9940476,43.058334,120.18875,25.11375,124.9225,57.66625,265.7025,52.46875,12.43625,25.2275,75.77625,100.92917,52.85875,77.955,41.6,8.985,31.185,27.34125,80.3725,60.5025,15.355,83.63125,68.6375,47.759525,11.880952,152.98,72.51875,122.97375,73.07375,24.273333,32.37875,56.2025,88.61875,49.84125,24.715,61.42375,Normal
5,3230.3286,3694.45,3400.74,3463.5857,2181.4202,2922.782,2069.2463,2948.575,3303.371,3109.413,2724.266,2557.7847,3164.6963,2285.3088,2576.7488,3056.725,1391.59,2162.5537,1540.25,2705.675,1271.7188,4439.891,2030.6738,2249.8188,2150.1218,3350.5024,1563.9893,1903.5825,1568.1113,1368.8175,2648.2676,1073.41,1207.4163,1201.7687,1733.8239,621.65,1381.4825,719.4525,967.3576,967.3576,967.3576,967.3576,2451.5913,1477.365,1131.9641,643.6025,1900.93,970.8762,1314.3138,1293.4833,1293.4833,1293.4833,1293.4833,1632.6925,814.49646,1491.2988,1247.1438,1032.969,399.98334,1421.37,961.88464,2767.0137,452.0675,843.21124,1132.5425,817.34125,805.6525,901.4381,1063.385,639.3925,727.6869,762.5275,833.7107,863.3375,607.79626,606.8875,588.32874,679.14124,643.6275,787.96375,824.5594,961.05,689.50336,799.2413,1039.28,1184.6788,755.88214,768.9387,763.4225,775.2175,1065.1313,452.27124,491.50714,637.66376,823.93,840.12384,614.5575,303.16177,688.60876,1020.4863,967.105,443.83124,807.2125,1919.0925,875.72125,923.2325,628.8925,549.15375,683.8575,1004.8025,1228.725,625.7167,1269.7388,951.3925,392.02142,750.57623,90.925,47.982143,104.70375,44.21625,99.16125,68.79,36.566177,52.75,81.1325,70.29881,24.27375,48.0525,18.80119,46.3525,59.29625,51.183334,37.495,32.895,39.63,38.9525,82.46375,76.86,123.08929,26.62125,48.25375,52.21,65.02,18.74,33.4425,42.20714,90.1825,27.555,33.90119,28.5225,60.79875,48.841667,61.7925,65.314285,75.14,34.353573,55.811905,45.47125,38.9225,16.896667,58.4975,59.257355,52.5525,69.10625,14.098333,33.761906,14.758333,79.25875,83.905,58.81625,39.19,84.21625,52.395,58.35125,42.2725,87.13875,72.870834,80.595,32.66125,15.08625,77.5225,27.6625,29.865,57.94375,36.5975,68.92,25.3525,50.5275,9.727381,39.844048,157.6825,40.42875,68.955,26.42875,35.868332,45.415,22.99125,120.88125,26.37875,29.32625,40.36,Abnormal
6,2510.325,1960.6545,1566.315,3072.8162,1810.2048,1673.5643,1290.4211,2465.8462,1675.5438,1312.8083,2289.035,2162.2866,2070.0774,3466.7913,2137.418,2716.3792,1497.1588,1586.2438,962.01,1214.7675,904.7225,3970.4226,906.59625,1313.0588,1950.3906,1788.1464,1254.5155,1639.1475,819.1887,1454.7625,1227.4187,916.7125,576.78375,745.34,994.6125,540.46875,1236.0762,422.65625,1374.1554,1374.1554,1374.1554,1374.1554,1022.6538,1754.6938,956.5516,602.0563,1497.585,664.0125,1030.57,729.78375,729.78375,729.78375,729.78375,487.37875,690.24884,1371.1226,1052.13,611.1107,500.475,963.02374,1154.5288,800.7875,391.215,298.135,677.255,1815.515,683.025,441.0607,546.8212,480.4475,331.48215,470.41125,1127.9286,777.83374,254.39874,575.0125,519.8175,585.34375,482.8475,572.3738,1004.5594,633.96783,419.20834,401.4625,345.18875,741.3775,451.91428,356.0625,495.76,556.885,673.6912,352.665,300.98096,302.75876,607.71875,682.8905,449.4625,358.64117,411.95624,300.1075,401.69626,273.04126,814.71875,2009.3525,303.455,515.945,522.3975,485.85626,248.45876,724.7537,1558.4075,435.675,878.4963,554.79,457.16904,1025.5338,43.79,44.964287,36.42875,73.03,85.6525,50.28125,47.85147,30.24,29.08875,24.594048,21.47625,29.645,18.152382,37.88625,116.4075,93.805954,51.025,27.565,44.085,77.13125,18.52,74.89667,7.6261907,8.04625,39.95125,8.18375,7.40125,28.89625,20.6525,31.170238,38.21125,19.495,23.104761,23.74,58.29625,56.654762,50.17875,64.05357,20.1625,23.969048,84.46072,47.23875,10.8225,27.388332,38.525,50.30588,90.27875,82.02125,59.196667,32.980953,13.480952,142.55125,90.6725,38.99,33.52375,67.115,36.60625,40.5225,24.38125,73.005,90.708336,56.56,18.1275,23.25875,41.52,130.575,18.4725,50.335,13.435,57.1975,27.08625,30.4375,16.164286,10.488095,37.455,26.4625,34.3975,20.8775,54.443333,23.825,16.09,15.73375,40.5,41.44375,42.3025,Normal
7,7126.5986,3779.068,3705.5537,6594.514,2460.9048,3775.6821,2621.4187,2047.2812,6411.2676,3857.119,1496.4062,1604.2615,1489.905,1364.17,2093.5012,3048.079,1324.5413,1452.915,2003.4838,2217.34,3247.139,3275.5664,3186.0576,1905.6438,1557.7375,3116.1953,925.7202,1644.2762,1902.5725,2218.7424,2194.0725,1298.0925,2604.635,1743.8225,1068.4188,1901.3812,1749.7913,1746.8438,1033.7079,1033.7079,1033.7079,1033.7079,1501.8213,1989.6288,985.7516,2318.4138,1794.5537,684.38,1206.225,1715.9059,1715.9059,1715.9059,1715.9059,1180.395,1576.3,1135.0363,1612.2675,1344.3917,372.375,1148.4688,616.76733,1518.1125,1427.2087,734.0737,2011.8475,737.7075,472.97375,720.83215,1021.21,797.2525,269.90475,1315.1761,2649.9536,533.54,1832.4963,712.9988,438.8,645.72125,513.3762,425.69626,2350.272,448.65475,1352.1633,606.3325,573.76373,1391.785,734.78217,945.72125,567.59625,782.97876,935.82,869.61127,335.52618,686.3625,471.92874,940.1393,403.505,922.0529,531.4963,1409.5825,713.6175,1642.3887,626.3212,1925.7275,626.9775,1521.37,734.5062,885.46625,591.3975,1158.3763,1030.5138,546.4083,1213.61,547.88,674.53217,789.9775,52.98875,65.82857,112.2875,58.12875,71.735,60.36625,24.644117,41.59625,61.67125,65.4119,85.34125,61.36,49.810715,130.205,39.99625,66.569046,70.6875,27.848333,42.17125,20.04,46.6725,62.373333,201.6488,34.31,85.12875,68.76125,32.26625,9.50125,43.62,47.340477,33.445,41.30875,9.064285,99.40375,76.30875,129.7631,118.43375,48.925,99.475,66.52143,44.54881,58.1825,62.40625,12.403333,72.06625,51.541176,13.0725,32.9325,117.92833,29.195238,50.90238,92.82125,318.77625,134.575,31.49,76.36125,108.86125,32.035,15.85875,71.9675,95.50833,70.61625,44.94875,39.095,57.82125,50.5775,37.01125,85.1025,78.22125,6.60875,64.47625,65.715,35.264286,27.453571,71.87625,69.12875,87.76125,31.905,60.006668,35.2925,79.37375,107.19375,82.24875,40.64,87.4975,Abnormal
8,4028.71,3156.1592,2870.255,4417.5913,1854.106,2828.3037,1427.5262,3390.7063,4373.044,3080.4512,5784.121,2222.2078,2502.81,3616.246,1673.2262,4623.079,1871.76,3154.8286,1624.4113,1150.885,1309.1838,3015.639,1206.1875,1640.315,2641.15,1752.5536,1531.5286,2560.4424,1293.7762,3926.4175,1013.6188,786.10126,1077.6875,1956.6438,987.2438,749.75,1259.8239,1215.6525,2276.8342,2276.8342,2276.8342,2276.8342,884.3625,2627.1875,830.7469,872.39374,1353.59,1253.7988,1140.9512,1981.6412,1981.6412,1981.6412,1981.6412,507.4725,954.8333,2291.995,1167.7712,818.4583,914.4875,1252.69,862.62115,999.225,743.4775,374.98624,2077.205,1074.2125,1294.2125,441.32263,447.495,765.66,557.26666,1233.9988,2522.0107,801.415,590.62,960.1675,610.235,1253.8575,834.7325,569.0712,2090.3406,761.62616,811.4117,588.5087,276.30875,925.9475,690.09283,227.89874,542.9313,761.1975,822.6312,469.28,366.04285,633.46375,544.3,639.4786,605.1175,737.5265,709.71875,259.465,491.56,425.93625,1036.6837,2454.4976,374.79626,799.99,660.6788,656.6312,315.12375,761.725,1827.5962,923.00415,1051.6562,979.91,571.8809,2759.986,111.88875,70.69524,61.95125,61.84625,61.89375,40.36375,42.37794,50.45625,35.01,47.365475,35.07375,51.5925,15.369048,145.09125,19.58375,115.77262,99.69375,85.791664,47.94625,19.0925,13.7225,47.888332,63.058334,21.27375,44.54625,59.635,29.26375,29.48375,30.885,36.102383,65.99,27.49375,39.863094,57.8875,66.69375,89.78095,56.59625,52.385715,37.5175,103.00714,143.21071,56.75625,9.06375,139.645,66,28.119118,132.7275,34.97125,60.033333,17.233334,37.959522,156.44125,116.70125,70.81,53.065,56.1275,89.96625,20.30875,12.485,76.0625,233.38333,112.47625,30.42125,34.06875,34.32875,97.62875,51.9325,63.0525,29.73125,37.09,59.435,54.885,63.596428,19.019049,146.20125,29.015,72.1025,31.365,44.68667,19.695,54.96125,30.4325,39.82125,51.84375,67.6975,Normal
9,9330.679,7017.2295,4723.7827,9491.534,5346.5415,1557.143,1969.08,2295.4026,6880.346,6162.893,7927.6523,2022.6731,1427.5125,3334.285,5329.664,1547.2167,4694.58,2193.6938,1077.535,1433.41,4611.555,9533.935,4302.4536,10721.298,2199.5405,6264.4927,1278.0262,3597.075,719.1475,3315.9988,4410.2627,3309.9424,6966.7812,3493.0212,478.95874,2721.45,3580.59,2497.8113,1448.59,1448.59,1448.59,1448.59,4384.52,3108.3938,847.2047,3871.4512,6000.0776,685.1175,3611.195,1787.5962,1787.5962,1787.5962,1787.5962,590.94,2186.5154,2093.8262,2055.881,1131.2262,1335.975,5055.395,2015.3923,3089.9011,1703.7188,691.5513,3837.9675,778.605,544.7587,571.0119,592.9075,2418.3525,729.325,1747.5038,3550.65,882.9925,2080.165,641.16876,806.91626,244.20125,595.4988,243.7875,3234.1218,1621.8726,798.30664,297.17624,1105.8362,2935.234,1088.1643,750.55,509.01376,649.6125,2561.025,852.36127,373.6893,3240.1812,1900.5038,2511.5596,445.9925,785.6926,333.68625,829.9313,1379.86,1962.5275,1307.055,4142.9873,436.95126,1750.97,1322.7,1184.9125,318.385,3161.7424,1685.795,645.2833,1659.71,1561.77,1264.5012,2350.53,66.0075,135.8869,439.31375,327.7825,293.005,37.28875,22.170588,117.09625,64.7,37.6,32.49125,106.15375,280.75,27.02,23.25625,134.26904,58.76875,143.235,53.16875,28.535,75.465,7.635,69.62619,55.7375,115.3775,45.48875,109.13125,17.42,69.67125,77.07262,140.19376,79.6625,80.71072,82.0925,175.86,135.49524,102.4325,100.71071,89.3475,25.411905,84.00119,67.8975,107.26125,61.245,29.07125,51.214706,96.09875,100.30875,126.23167,19.62262,50.475,248.91875,524.1575,258.83624,9.12625,217.88374,49.72875,160.25626,20.1825,6.8075,85.77917,31.77125,97.57625,66.76625,296.235,42.98375,46.3725,16.45625,76.09,81.59375,88.7475,25.57875,65.32024,7.0333333,134.89375,129.5525,138.2725,25.43875,164.99333,28.35125,87.7325,567.66,105.9325,58.34,107.52125,Abnormal
10,5271.5176,4740.768,3318.5137,6792.348,2632.8894,5449.207,4623.2124,3277.4038,4488.06,3343.8108,3830.425,3046.9463,8878.309,5729.3213,2763.3225,5865.658,1828.0662,3078.7437,3741.37,4443.52,2707.755,5904.6025,1806.1387,3337.0962,2910.1282,1769.3333,1837.2762,2578.5825,2949.155,2830.0488,2092.195,2423.3662,1488.0175,1670.8625,2562.0837,998.76874,2256.7063,807.95,2444.3308,2444.3308,2444.3308,2444.3308,1562.0187,3374.0225,2123.7078,1395.8762,1910.4275,3187.6638,1841.155,1475.995,1475.995,1475.995,1475.995,1999.3562,1339.4,2004.0837,1827.0062,2333.5737,989.7292,1570.5725,1813.2173,1189.0688,1215.5437,1543.3988,2288.1711,2492.0974,2979.3926,1617.6357,1673.915,955.6675,965.43097,977.78125,1955.45,1080.1288,551.5538,1578.2725,868.9462,1609.1837,783.6312,1294.09,1830.5312,1426.893,786.29333,2745.0125,1332.865,1089.5137,1061.1107,1220.7238,1248.5,1610.7863,947.58624,876.75,1639.325,948.255,1148.5887,1305.9178,648.57623,792.87354,2034.7961,1486.185,1016.7187,694.945,1404.9738,3530.3674,1491.7075,1138.7775,796.2275,700.8187,1154.0288,1403.1925,2878.9487,1426.4875,1922.1,987.35376,1062.3131,1730.72,153.765,72.51786,68.635,64.15125,191.16,118.7125,158.65294,46.235,50.12625,95.565475,32.71875,261.07626,23.434525,136.56375,278.31375,120.70595,123.63,69.71,59.72375,111.95375,109.6225,39.268333,192.16905,32.0475,37.7025,34.25625,82.13,22.56375,64.5375,43.24881,77.725,36.30875,47.890476,86.20125,68.49125,72.708336,69.0925,63.625,46.42125,67.17143,143.75714,52.5125,34.07,40.076668,177.86874,63.557354,152.08624,83.91875,41.645,77.188095,34.727383,191.33,251.5525,136.5075,83.45,101.925,52.78875,85.52875,71.20875,194.53,85.47083,215.03125,55.39125,47.98625,78.50625,140.41125,35.8,110.12375,30.37,111.975,57.6225,62.23125,66.35953,68.90833,98.48375,53.235,67.2375,40.29875,103.41167,61.66,66.89875,68.34,51.255,56.8125,91.455,Normal
11,14876.407,3201.9045,2327.6262,11248.68,5893.279,5319.857,9939.246,4058.6438,14144.835,3282.62,6707.6763,3870.9097,7921.855,3648.4275,5570.308,8512.029,4844.5225,4143.384,7256.515,7761.745,6512.114,6518.91,10051.35,1828.725,3104.8093,9309.401,2472.2334,4906.445,2687.1738,1834.1825,6470.8623,1135.6274,2039.5575,484.6975,2381.2488,5213.7876,5492.269,762.15625,2233.479,2233.479,2233.479,2233.479,4247.4424,1665.7137,2748.6155,6315.041,7741.5977,2626.95,1291.8475,3112.6704,3112.6704,3112.6704,3112.6704,5614.7124,695.8536,1804.52,1878.3425,4336.288,1259.3417,3929.5862,1898.3981,3256.8,5161.8423,2928.7825,4203.331,873.4487,607.6987,3039.6404,3363.74,320.6775,2330.2463,3150.91,4101.982,1447.6875,4558.771,1992.0175,1380.3112,2314.6326,1254.9825,4531.015,3897.1094,1672.3679,2095.315,1818.3875,3273.4724,2732.7925,812.8036,3400.0938,2440.3374,2297.575,2811.75,444.56876,1470.9845,793.63,1691.8112,1174.4393,798.3837,2086.4707,2112.79,4505.415,659.8212,5247.2524,1713.0138,4194.4136,3249.5413,3095.655,2149.2,1682.7913,2475.1426,1096.4976,953.7075,2277.0667,4049.625,1819.3162,2822.7583,1440.4562,256.80624,390.32263,71.7625,112.3575,386.55374,211.17625,47.969116,144.2825,62.9225,318.8381,280.83624,194.15,25.546429,280.06,175.29625,120.44524,250.7,113.14167,150.6125,52.42,351.665,139.34332,945.94403,163.3425,66.38,29.89625,264.67126,37.655,49.24125,41.45714,160.15,49.4775,42.24643,185.31375,167.8875,78.63452,241.05125,169.42976,36.36125,45.903572,113.68333,49.92875,47.05875,25.31,234.095,154.22942,132.49374,129.34,40.861668,89.044044,112.83333,270.01376,1302.335,80.68625,163.76,121.94875,133.69125,151.17,190.575,182.92375,149.32083,259.11124,26.18875,72.16125,290.09875,88.6225,86.01,314.49875,352.61124,223.40125,20.32,133.5025,93.69643,113.69167,159.74625,47.85875,92.37375,10.025,342.615,150.01125,73.115,41.855,324.6875,135.44624,255.56,Abnormal
12,14173.054,8411.861,6042.84,8766.047,3511.0845,4878.182,3391.875,2622.0076,10012.81,6326.225,4454.9624,2341.6423,4825.5337,6074.59,3723.8787,3353.4668,2760.96,2863.18,3036.5889,3695.51,6745.511,4152.646,6646.4336,5772.7114,2065.131,3548.3965,1533.7988,3030.3213,2410.8574,2369.629,2782.4612,2905.3687,5638.221,2167.53,1431.345,4142.28,2775.6814,2442.4563,4129.161,4129.161,4129.161,4129.161,2225.3237,5704.9424,1784.5562,4437.58,2631.5461,1308.6912,2833.2239,2374.8687,2374.8687,2374.8687,2374.8687,1478.6287,2868.9143,2187.8774,1454.84,1842.8524,2823.1042,2400.6226,1023.1558,1536.6125,3619.1226,950.67,4147.799,1724.6362,1182.8713,1180.6619,1518.2913,2007.8975,578.49524,1205.11,2591.9785,811.12,1860.1337,887.58124,937.1,1121.0237,642.1775,885.1525,2441.1907,1040.1381,1283.5583,1177.4412,997.8088,1776.1738,1662.0571,990.16,839.4325,1001.7488,1481.7413,1271.1475,877.01666,1790.395,894.5712,2677.944,498.53876,1798.7721,1148.7562,1320.4587,1996.0862,3296.2837,1441.4688,2178.1575,1040.3289,3979.335,1043.195,1041.2238,925.96375,2777.7688,5364.6826,848.99585,2128.3425,978.41125,1378.1226,2521.8462,94.40125,296.19168,264.0525,93.2575,171.7875,47.09625,70.180885,42.55,60.615,69.13571,120.23125,255.25874,109.29167,202.115,346.995,141.64761,389.45374,79.996666,49.22125,124.8575,87.98875,93.38333,102.82262,150.43875,77.905,117.29875,11.8775,57.535,110.385,101.05595,90.01,52.495,81.80476,165.49625,68.7175,131.125,154.20125,78.47381,89.7,168.47025,109.71786,73.49125,57.36875,65.043335,93.115,58.932354,95.81625,65.5275,102.54167,55.42381,56.517857,256.9725,329.50125,153.50375,58.6125,245.73375,159.56625,46.11375,59.31,122.12625,104.66667,124.30375,68.3825,102.68125,63.50375,140.15625,66.59,93.8475,133.7275,81.2275,85.72875,54.3025,61.772617,31.02262,221.85875,69.095,113.2825,33.17,145.16167,41.9975,167.2525,140.86626,107.57375,58.67125,200.39,Normal
13,4469.09,5167.0566,4773.68,3330.3643,3174.2417,3643.6858,3886.4175,3922.9226,2968.0962,2832.2239,2936.3286,2590.7097,2639.3086,2609.5725,2711.7463,3462.9043,1939.0725,1567.6962,2602.1038,2780.755,1501.7825,4141.8623,2104.18,2680.4788,3317.6125,4384.3657,1312.0869,2294.889,1978.4025,1322.0024,2243.1162,1173.6324,3065.014,1898.8738,1758.8726,842.92126,1458.19,1752.2275,1454.1012,1454.1012,1454.1012,1454.1012,2102.4375,2166.4712,895.4891,1646.4088,2661.9675,1061.12,1494.7225,1488.145,1488.145,1488.145,1488.145,1022.2788,1040.268,1594.4375,1291.0137,2053.3,996.3,1359.685,1137.1577,2629.9226,897.2575,1657.2538,829.4437,1214.4562,809.3063,1427.7524,817.65875,1054.43,646.4429,307.50125,1215.5356,1010.015,694.02374,817.96625,753.56,708.9325,826.4125,662.72375,1140.6,543.65955,1486.6533,887.055,1012.8288,1088.6375,742.3607,1402.23,656.2612,571.6163,1172.255,865.4025,599.1036,1294.07,443.66876,574.7262,622.3775,1049.981,931.4425,1636.0862,1039.8513,731.1425,1038.5525,2790.4575,1298.53,890.1125,933.1025,743.94,983.88873,765.61127,1459.28,637.9042,792.45624,806.085,339.67142,773.6838,80.5775,65.75119,203.43375,142.755,149.925,112.7925,25.392647,60.81375,47.6925,248.32143,28.78875,74.78625,31.428572,67.5675,76.105,59.82857,7.7575,36.8,73.0925,42.4575,117.93,63.985,172.61548,21.175,58.055,82.2475,74.195,26.01125,46.3825,27.444048,94.66875,25.0825,50.32143,238.8,79.52,121.74524,76.44875,126.27381,71.5375,57.74405,68.78333,60.76,119.64,31.688334,57.99375,113.24706,15.57375,52.6375,77.58,68.040474,62.852383,87.80125,36.37,37.45875,77.44625,120.74,53.7325,53.8425,40.96125,113.3775,62.591667,93.69,28.6825,43.40125,95.07625,34.535,48.775,50.69375,51.965,49.57,42.2025,79.45375,52.07857,33.065475,144.1075,26.17625,78.985,22.56,29.583332,55.75,50.3525,102.6225,63.22875,35.82875,90.68125,Abnormal
14,4985.2188,4735.793,4075.1226,2845.2483,2973.275,4219.4644,3556.88,3234.245,2824.7837,3187.025,3301.129,2130.0059,2352.1187,3216.1538,2676.3713,4670.896,2462.9724,2266.1,2339.8513,2393.4575,2184.641,3253.185,2698.2388,2001.15,2619.0156,3524.4392,1065.0833,1670.9275,2221.0737,1343.9725,1968.2288,1912.9438,2698.3638,2129.7087,1312.3275,1673.9525,1421.7212,2080.255,2219.273,2219.273,2219.273,2219.273,1616.4812,2420.8826,786.59064,1344.44,2337.7937,1134.9976,1577.7775,1412.981,1412.981,1412.981,1412.981,1085.36,1621.5774,1768.865,740.96,1893.781,872.4625,1713.8638,810.95,933.9825,1114.79,878.735,908.665,2097.7476,1301.9938,833.2441,992.34625,1493.4225,523.5798,396.37875,801.40717,733.1075,830.2575,837.0588,465.1825,679.3825,660.57,572.77625,679.54376,626.71783,1038.15,670.215,478.225,876.29877,674.3071,850.905,332.33875,359.8975,747.0575,662.1213,682.2643,995.54,416.05,474.04404,475.8825,813.68384,693.1763,1405.6675,854.96875,793.89874,1091.6364,2732.4138,816.205,1024.5288,834.72125,539.5175,637.355,484.1025,1877.9725,1787.0375,381.9875,626.49,371.29285,717.4462,57.88125,56.666668,72.96375,92.99375,71.55125,82.82,39.62206,46.45875,24.1925,55.064285,52.93375,47.60125,44.440475,39.03125,94.79,50.036903,61.335,23.091667,13.86875,58.98,40.9025,40.705,96.7619,29.91375,32.65125,70.54375,19.80625,27.78,43.685,48.969048,37.55625,7.8075,38.813095,116.525,67.2325,74.00357,69.3125,51.57619,58.82875,39.188095,91.86072,53.3975,41.68875,27.535,48.40125,36.05,107.50875,7.00125,102.52,40.040478,47.20238,147.34125,18.1075,15.68375,42.21,55.705,56.42125,22.14,10.5,76.44375,25.495832,101.16875,37.20375,42.465,55.79,73.91625,39.4025,60.34125,23.18875,24.1125,58.435,79.165,47.42381,32.853573,88.76625,16.7125,67.84,21.71375,41.04,41.10625,36.84625,43.15625,49.19375,42.5475,66.5275,Normal
15,4913.799,5215.048,4288.616,3213.4304,3147.4023,4460.4463,2334.8086,3302.7625,3855.7712,4319.029,5199.195,2579.7114,1943.8275,2555.9375,3371.3013,4847.6626,2619.6062,2329.3513,1918.6375,2737.7087,3121.4688,5193.0576,3024.9675,3013.6038,2617.119,6432.0737,1626.2928,2683.2588,1829.98,3971.8413,3146.756,2443.9775,3092.67,1965.465,993.7388,1782.7125,3158.8274,1609.3538,2571.4968,2571.4968,2571.4968,2571.4968,2794.0488,3223.6924,1615.9938,1804.3488,4018.8613,1071.23,1804.5488,2259.9878,2259.9878,2259.9878,2259.9878,1114.0312,3234.637,2308.9724,1999.275,1319.975,1261.3083,3185.1,1402.0385,2083.6426,1407.0463,951.075,1785.1638,1924.8938,908.2375,783.29047,1198.345,1314.3925,518.7679,1772.2025,1203.9679,1006.0975,1100.9438,877.72125,802.3088,966.5075,935.275,893.5637,1026.8188,1490.6606,802.3333,563.2825,933.6287,1934.3412,1587.2,849.265,689.9263,805.28876,1677.935,744.265,305.4631,1155.32,946.8713,855.6405,587.39874,774.71173,549.47375,1150.505,884.91876,1286.9662,1396.09,2885.805,602.7512,959.0637,1552.9075,624.57874,694.7075,1402.9312,1541.3,1061.675,1515.4912,965.43,1379.0035,1566.6812,124.57875,61.141666,168.89,213.73375,207.21375,94.32875,30.588236,68.815,63.315,93.333336,47.445,52.0225,38.92857,153.50874,69.28125,155.9631,50.8675,95.98167,61.58625,34.99375,69.905,172.395,132.38214,31.58375,65.05125,113.84,64.8675,32.485,80.4,71.807144,78.5,34.235,76.15119,124.12375,160.35875,177.7381,112.53125,111.14286,187.79124,67.52619,96.11786,82.455,103.27625,33.856667,84.44125,83.34264,174.035,65.52625,112.48833,86.75,47.465477,129.3375,503.05,68.42,95.3,148.78625,99.2925,61.94875,28.98625,85.52125,355.39166,117.89125,53.71625,7.92125,57.67375,68.14,54.24375,82.2475,77.12,17.065,84.42875,139.68124,49.334522,33.009525,190.3325,89.1,87.6975,52.8325,211.205,17.82375,79.27875,77.0875,84.89,112.55875,53.2725,Abnormal
16,5627.251,3619.5317,2606.5,2544.452,5967.086,7736.468,4633.865,1356.4513,2982.8826,6400.2275,5387.9663,1088.8596,1894.865,2464.1924,3904.8406,2767.296,1470.145,2091.58,1705.1425,3567.9275,3904.4412,4877.544,3845.1375,4059.92,982.1094,6187.468,715.57263,1873.1875,4691.3486,777.33,3494.7024,1716.6538,8418.048,1875.9375,552.0087,2936.06,4327.8813,2256.5488,408.69183,408.69183,408.69183,408.69183,2218.7039,2250.5425,547.1875,2437.8289,4392.115,597.9275,2269.2075,1721.3689,1721.3689,1721.3689,1721.3689,1591.1989,2668.3213,1381.7426,865.7775,2386.8179,2154.7793,2888.7988,750.0231,2322.4187,1636.1588,760.27875,576.41876,2605.1924,556.9325,1194.9036,1727.3525,2299.4924,542.16547,875.02875,1303.7072,348.5625,1183.3075,519.5687,484.73,303.505,296.6925,296.13376,1115.1844,892.90594,251.47667,432.75876,742.0737,2753.9126,592.1786,2025.0388,346.625,357.1825,1929.7238,932.3063,599.8905,1579.265,537.2388,636.1107,213.61626,491.0397,660.7775,2424.6238,1441.7112,1394.9287,1444.0338,2854.6975,1061.3037,2160.7239,1761.765,251.0925,854.755,1179.8538,1339.8875,409.075,617.64874,605.885,1105.2893,516.5062,20.71125,12.885714,87.74125,196.61375,26.78375,30.76,34.033825,33.73,8.92625,27.292856,25.22625,32.66,83.73572,47.8175,11.87,65.959526,31.62875,34.718334,32.76375,7.68125,36.24875,39.271667,179.50357,13.5975,68.125,36.445,62.3625,23.03375,44.67875,40.66905,58.2375,60.075,56.52381,110.08625,48.92,120.69286,41.4725,19.732143,58.8,24.204762,64.88095,40.6075,18.43,8.488334,16.78125,30.641176,38.27125,43.54,68.128334,16.166668,23.936905,334.21375,12.1325,74.69125,27.0125,159.12,50.645,9.6275,12.71,27.20625,108.87083,53.0275,52.03375,8.83125,50.8125,35.92,22.52875,49.18375,19.52625,18.35125,54.69,12.82625,52.065475,6.5559525,28.68875,39.60625,59.09625,38.4,194.99333,16.7825,19.0675,88.9525,13.78625,25.54125,30.12125,Normal
17,7144.4062,2071.4023,1619.2762,2576.159,3401.15,2915.093,3361.535,2888.0613,6749.665,1652.3024,6094.989,2678.0386,1550.4325,1290.42,4205.418,1872,1598.1038,1534.755,1366.4275,2008.3676,4427.2886,3755.121,5326.989,1168.3987,2266.85,5521.62,1082.6523,2262.1924,1413.115,1591.455,2849.1174,870.0037,1740.2262,832.8113,1453.6625,3119.1511,2074.6238,1310.9475,1024.8951,1024.8951,1024.8951,1024.8951,2971.9111,834.8187,481.6922,3102.58,2649.0024,397.02625,463.41876,1324.1329,1324.1329,1324.1329,1324.1329,659.485,571.6,851.64874,1394.2925,1180.994,543.57916,1788.6675,726.66345,1174.74,1939.1888,868.9425,1034.7762,571.95,677.195,494.74286,401.31876,383.8,509.87857,613.1575,1031.5607,693.42377,1198.6938,252.075,581.5875,264.90125,483.59625,258.10876,980.9219,420.26547,657.295,281.9525,479.4975,1379.0537,451.02142,1098.3013,231.27625,234.13625,1445.6362,338.53625,565.41547,521.7875,578.01624,309.46072,562.565,626.8823,277.8425,872.1875,242.5,1096.8025,582.195,471.77,825.8325,2353.7986,1414.6975,617.335,348.72375,410.8225,371.75876,284.35,200.95375,495.74124,307.78928,953.0525,27.37875,61.04881,19.11875,81.0325,25.645,7.97375,7.9470587,22.33125,15.0925,37.811905,9.0075,49.465,23.159525,85.23625,29.20875,40.94405,42.61875,25.548332,30.6225,21.95,96.905,51.298332,46.645237,39.06125,11.505,17.4275,42.025,36.58625,32.3625,8.3714285,29.7225,10.14375,19.869047,64.13625,103.45875,121.45476,30.77875,35.644047,36.655,30.419048,71.25357,19.105,22.65125,15.943333,23.345,23.945587,15.805,64.3975,17.885,12.540476,32.657143,79.30625,69.375,14.175,20.5475,65.61375,6.89375,16.13,17.435,52.0725,16.304167,6.7975,11.44,27.6925,47.88125,15.82625,24.30875,37.92,20.53125,9.3325,8.76375,6.575,17.239286,32.915478,48.33125,20.31875,12.8625,19.465,16.928333,27.7425,33.11875,37.0225,34.60125,19.94875,72.0875,Abnormal
18,4865.22,3237.7773,2341.0862,2372.6804,3058.2715,1347.1321,1306.5725,3507.045,3917.266,1528.6143,1894.9288,3095.502,2565.13,2445.2112,1834.0917,4361.5044,1362.3875,2974.7375,810.26373,672.95624,1986.42,4710.4087,1626.0725,1367.63,2500.3281,1030.1786,1355.2738,1233.6362,589.59875,2126.6362,1150.1226,1397.4188,807.14,1241.8538,1742.7675,1409.38,797.04,1026.9738,972.40625,972.40625,972.40625,972.40625,907.53625,1193.3188,395.97968,1049.0511,897.96875,794.1525,849.35,904.22266,904.22266,904.22266,904.22266,409.24875,706.19525,1141.3275,1204.4437,543.1929,613.2167,544.1262,538.09424,641.12,975.6625,537.17126,1772.305,2336.1638,1049.7563,569.20355,275.6275,806.2575,424.66785,456.90125,703.57855,920.6175,638.2275,360.73,471.29,372.08374,656.035,287.8975,678.7969,592.9464,585.57,334.33624,280.12625,634.40125,460.25714,269.4275,221.7225,228.6975,530.83124,460.3575,335.125,531.65,360.29126,349.40237,623.5925,879.87354,523.9225,212.6275,337.28876,601.3663,849.2438,1123.4575,252.30125,1105.9138,444.9675,620.57874,247.1075,387.0875,335.8575,377.075,246.12125,510.79376,1877.3322,406.15375,32.75875,48.36667,21.34125,115.71,52.51625,24.39625,52.242645,15.33125,9.14875,16.202381,9.91375,82.53875,20.47381,177.81125,17.8675,47.709522,77.6375,2029.3217,20.5175,28.975,37.94,33.91833,16.071428,22.7575,13.7425,13.12625,14.86125,9.945,31.83625,28.320238,35.3675,11.54875,20.855951,74.25375,27.79125,74.03809,31.685,7.25,17.90875,21.363094,92.8381,23.5525,14.41875,8.008333,14.795,16.792646,44.76875,41.73375,7,8.627381,24.936905,67.3525,6.95125,13.73875,16.59875,39.27625,65.5475,20.60125,8.02,53.355,28.0125,38.06625,12.0925,45.47625,51.78625,152.6725,12.43875,19.88625,21.19,10.25,29.8625,17.12125,27.395239,13.992857,19.2675,6.52375,14.10375,20.835,188.01334,27.2675,33.35875,48.4625,27.56625,20.6625,77.42125,Normal
19,5382.394,3848.443,3372.4888,4444.566,2464.9023,1304.5571,1062.6975,2903.325,4866.8086,2734.144,2940.9639,2707.5347,1290.5825,2166.385,3095.9988,2177.3125,2845.1013,2461.6611,863.07,1591.6775,2331.8188,4360.75,3104.5637,1928.4211,2134.5688,4610.957,1556.6512,2160.1963,594.0637,3637.5476,3175.82,1367.58,2124.6013,1565.1562,867.7275,935.8,1437.3013,1189.425,1027.9343,1027.9343,1027.9343,1027.9343,2511.71,2055.2512,536.8812,1301.2538,2854.5989,408.74,1072.2863,1169.2606,1169.2606,1169.2606,1169.2606,635.21124,801.97736,1386.2588,1622.2325,753.4619,633.6875,2011.9075,1140.1442,2041.1012,689.3137,355.635,1783.4612,474.035,648.6025,538.70355,489.955,490.875,580.71906,1210.9362,1476.15,884.4675,957.16125,475.18625,509.3,331.41626,681.79626,305.17,1293.9062,706.5512,1137.38,234.09125,470.9525,1741.15,881.6964,358.97876,377.43625,350.62125,1399.0739,422.8675,235.65,902.10126,791.6375,1099.6893,629.46875,513.3897,317.14,816.7375,1164.7988,1111.2875,985.72876,1953.745,301.51624,925.4475,1049.6212,630.145,215.63126,1059.3212,714.885,396.3125,626.0613,1236.725,439.9238,811.25,9.2125,61.675,89.53,91.50375,149.8675,30.9825,23.130882,67.83625,64.00125,50.75,27.14375,51.26625,63.37976,64.53125,8.67,53.59762,24.43,42.695,63.22625,18.4475,61.7975,76.27,94.833336,28.5425,43.165,41.6175,31.93,36.5575,53.48,47.785713,60.05125,29.64125,20.884523,46.2375,107.49875,61.675,72.53,94.35595,79.9075,23.789286,130.51071,51.0425,58.84375,22.223333,15.67,53.835293,50.97375,73.00125,38.141666,49.93095,39.090477,106.9125,45.68125,61.39625,28.87,75.69125,14.15125,67.16,10.52625,36.93875,24.504168,53.87375,37.97875,15.98125,93.23,19.8875,9.61375,6.6525,42.925,43.06375,31.3025,19.8375,25.425,27.15119,102.295,33.1775,31.55875,12.8175,28.731667,23.17125,27.885,180.66624,60.75875,60.65125,60.13125,Abnormal
20,4412.476,1752.3955,1280.3239,5200.3447,2369.0608,2047.95,2104.7588,2938.8674,2628.5938,1688.8857,2776.2288,2877.6885,4531.5513,5161.1387,2910.6382,4113.7124,1957.5963,3553.4888,1511.0812,1969.8812,1580.9988,5303.444,1520.68,1185.38,2387.0845,1812.9714,1539.4952,2108.4111,989.5,2369.385,1531.345,971.91626,511.85876,908.2275,1398.5812,730.46,1379.7426,454.1375,1521.8077,1521.8077,1521.8077,1521.8077,1716.8875,1166.3562,1160.8828,818.9338,1694.2625,1380.6324,1126.3212,1163.821,1163.821,1163.821,1163.821,953.705,603.9012,1859.9525,1370.1238,895.4202,463.05832,1011.27,1408.8942,945.1275,703.0712,663.81,1009.9875,2541.8425,1498.59,826.825,756.84875,488.22,581.62384,766.48376,1548.5,1125.9113,410.6675,938.2413,640.38873,712.2625,669.615,601.40875,1404.7312,980.27856,565.605,968.4313,587.6275,865.9375,362.8643,507.535,735.065,865.8725,781.915,396.29126,503.79523,373.5,841.665,805.77264,583.405,560.52356,926.9338,488.41376,406.61874,441.55,1193.8962,2952.12,499.2275,600.3,578.85126,722.2675,388.18875,811.5775,1175.475,744.05835,869.34125,828.0675,410.28928,1046.0912,70.9725,39.028572,58.3025,106.3075,99.98,72.58875,85.64412,50.25875,47.29625,69.99167,33.9225,62.27125,10.22381,45.34,71.6375,76.165474,62.255,52.321667,55.3275,73.695,60.42875,51.088333,64.11072,29.1575,15.7175,7.55125,34.77625,23.03625,21.64625,19.988094,54.0125,17.9625,14.216667,37.50125,62.59375,42.32738,69.06875,59.613094,13.345,29.559525,107.13571,23.8225,15.07875,9.201667,56.50375,37.414707,122.99875,66.49125,78.54667,54.265476,31.152382,212.4075,126.34875,22.7675,52.45625,6.90375,53.02875,33.9775,21.32625,77.895,79.0625,114.95,28.3075,39.245,52.8425,153.2375,30.61875,94.36,7.53,52.74375,6.5775,37.03625,30.570238,28.188095,38.05125,18.34375,19.695,25.245,27.603333,34.24875,41.19,33.5825,38.245,64.25875,74.29875,Normal
21,7434.8213,6471.2114,5029.6177,4749.3286,1548.4774,7000.1284,3077.4111,3440.9138,5188.9214,9008.612,2260.7925,1934.127,2410.1338,1356.3239,1931.6167,5822.575,2949.2063,2181.6262,2160.3662,2567.9163,4051.4463,4084.8674,3027.8474,6200.6777,2644.1843,3263.1167,965.75354,1815.53,3306.3425,2487.8037,1402.8175,2938.2788,3335.4087,1152.4612,1808.1975,2719.9424,1397.305,2135.76,2035.6536,2035.6536,2035.6536,2035.6536,1852,3137.0576,1800.5767,2332.1375,2246.5437,1251.2188,1177.4325,4623.97,4623.97,4623.97,4623.97,1129.7275,4007.306,1369.2163,1877.575,1786.2893,873.60834,1824.3712,880.7096,1175.5925,1986.8425,1436.2375,3022.7014,606.59125,690.39874,534.4905,1118.2225,789.605,787.5119,1464.0825,1460.8893,768.82874,1581.8412,671.02875,538.2125,1095.8663,587.8713,991.22876,1378.7312,469.84763,888.7917,526.54626,1382.1737,728.0125,1542.7714,678.4913,640.53,888.1775,916.3063,1134.7563,437.72977,1775.28,692.3675,905.11786,490.64624,1229.925,575.425,1707.845,2131.56,1892.0413,1146.6337,1892.83,853.97626,2276.2263,1123.8239,972.93,771.4775,1286.0363,889.9575,1321.975,407.57126,893.59,2294.593,456.89624,136.8875,153.56071,174.46875,149.94624,117.89875,51.19375,42.52353,58.58875,19.74125,154.72382,78.9925,43.88875,109.46786,233.2875,34.87,50.135715,67.5325,29.643333,25.37,21.17125,138.605,41.615,147.11667,38.81125,75.61625,134.26375,75.9475,17.68375,149.66376,56.460712,45.6275,40.2875,55.345238,124.6525,118.555,186.525,139.02625,65.72857,80.22,56.00357,77.066666,125.62,130.7425,29.36,88.0875,63.705883,87.695,65.1825,88.93166,52.69643,61.861904,124.61375,608.295,82.34375,54.05875,176.9925,118.76625,52.28375,60.35625,117.83875,55.025,146.99625,50.94,63.2875,60.18125,13.4325,69.76125,100.49625,140.31876,21.6575,75.09875,67.59875,56.25,44.361904,108.1975,57.45,55.415,51.65375,451.355,40.2275,45.87625,292.9375,150.03876,53.7375,153.85126,Abnormal
22,6995.41,6658.109,5316.396,4047.5144,1656.006,6236.7534,4130.0425,3229.71,6939.0923,4771.562,2329.9412,1875.1711,5504.675,2411.4624,1821.2299,8844.992,2078.15,1802.48,3548.0762,3175.96,2897.2039,3519.0137,3079.83,3918.6836,2391.072,2041.3274,949.2762,1294.0625,2887.516,1669.0375,1300.36,3128.27,2639.21,3132.3374,2822.9976,2299.9663,1059.9275,2443.27,3483.9744,3483.9744,3483.9744,3483.9744,1205.3075,3628.5337,2316.392,2079.7188,1447.7988,2742.8374,1992.2762,2057.2014,2057.2014,2057.2014,2057.2014,1468.4,2715.9595,1779.1812,1251.8262,2545.7334,2566.4917,1249.74,1176.4423,993.7125,1479.2375,1870.4863,1870.9976,1500.9788,3266.5762,1882.531,1154.7362,1602.4,1356.232,456.325,1507.6464,747.8837,1406.955,1043.5862,669.5012,1989.3275,730.845,1397.2538,1349.5656,723.3238,624.93164,1191.4225,1100.1638,730.98,1506.7107,845.5375,724.89874,1006.1562,692.2775,1131.6989,957.8881,1966.44,694.20624,841.6333,476.85126,1454.3368,1815.055,1617.75,1628.5012,1055.9888,824.5075,2020.71,1178.74,1748.02,639.42,927.685,1124.4012,1359.315,3241.4875,1819.8708,708.8837,575.575,1485.7905,730.39374,261.88126,125.9631,193.29375,90.345,95.74875,90.5,136.00735,61.81875,191.26,160.3393,54.83375,22.585,52.311905,385.23126,243.1925,68.560715,108.62875,57.426666,51.96125,85.97125,95.53,82.708336,95.99643,51.7425,54.63375,83.45625,67.1325,31.92875,150.17125,95.74048,68.2325,55.8075,55.37738,109.86125,61.88125,217.15475,145.97125,91.85476,92.515,110.77738,64.28809,118.72625,39.105,35.108334,216.95125,73,161.1875,52.51,99.668335,60.66786,74.29762,142.3725,63.045,77.4525,108.95,225.4625,121.03875,17.55625,71.3275,156.8425,118.775,268.92874,47.64375,83.64,41.375,431.01624,52.0875,147.93875,95.16625,27.65375,119.055,115.26125,95.8,59.613094,281.50626,70.42625,71.5975,60.3375,260.11667,54.6425,184.12625,146.7325,115.86125,46.95875,188.49625,Normal
23,4214.9,2213.3567,1611.5188,1764.232,4374.78,4520.793,3982.795,3466.2888,2197.6338,2560.4976,7473.636,2683.6558,2592.505,2543.7,5571.279,3060.5708,3213.7012,2580.6863,3579.3662,3919.055,2570.7737,12112.095,1402.3688,1337.9912,2630.9062,5261.3394,1441.9143,2324.0874,2378.6511,3264.075,4601.6763,1157.45,1069.245,803.5675,1802.6588,1430.48,2962.7324,787.405,424.56085,424.56085,424.56085,424.56085,2533.3525,913.03125,1176.6359,948.9,5056.5625,756.795,1146.4738,1070.4926,1070.4926,1070.4926,1070.4926,1568.385,1095.0155,2259.4739,2513.35,1441.0417,426.8625,3193.7363,831.44617,2493.0825,783.4625,1025.435,1298.9463,672.45874,974.2775,1011.9,1647.0438,969.95,948.8417,1779.9836,282.82858,1025.0813,787.94,377.4175,962.65625,664.9487,654.82623,636.295,238.32812,286.9881,255.91333,958.8275,933.6425,2159.0889,571.00714,1210.2775,514.7525,562.5037,2777.2524,342.6275,625.45593,466.665,995.9675,331.58215,730.16626,405.74557,434.4325,2227.355,408.03876,679.45624,1106.5887,208.84375,1017.9075,919.79877,1853.0125,258.4425,792.4963,358.14624,439.98376,572.5917,953.14124,1096.2664,210.61905,1630.1238,35.31875,32.94762,8.0075,54.19,31.63875,41.31625,12.636765,37.77375,19.0825,29.50357,7.87875,17.58625,7.830952,41.325,45.4375,42.663094,12.11,91.30167,31.4375,17.89125,97.74875,95.165,123.93452,24.59875,29.275,13.145,141.9525,21.74,22.67625,14.016667,80.58625,19.2,20.263096,35.56875,94.00625,92.67976,19.76625,41.967857,56.0475,19.172619,71.432144,17.6125,7.19375,10.323333,29.8,12.927941,18.76625,81.055,13.678333,27.595238,17.37857,150.77625,294.75876,21.01125,27.04375,72.6625,17.695,53.09125,6.84875,74.94375,97.979164,72.8025,11.2425,8.71,99.07875,208.49374,7.12,45.49,10.85125,42.75125,13.685,25.48,6.5654764,14.488095,26.785,17.03875,25.765,11.48875,18.298332,25.73625,6.445,73.4975,18.31125,92.15625,40.2575,Abnormal
24,1914.6775,2119.1113,1595.4088,1186.0304,2090.3882,1087.75,1248.1638,1895.095,1179.935,974.8155,1179.735,1632.9095,2390.1025,1421.7175,1243.7488,758.5292,745.535,1246.6538,716.77374,837.87,666.1813,2126.8,607.09125,606.78876,1603.7219,590.35236,919.4643,568.015,566.8675,561.33624,538.69,524.0875,502.19125,473.665,1285.6387,460.31876,439.67624,471.76624,448.84573,448.84573,448.84573,448.84573,406.985,397.8225,429.57968,387.95624,385.93,377.23,533.645,369.9942,369.9942,369.9942,369.9942,363.95374,351.66904,369.99,348.1375,332.86667,320.84167,314.0475,312.45,311.9075,311.77,363.85376,294.465,923.9437,463.26,382.3381,355.97626,466.445,330.20834,269.12,267.51428,644.4913,276.9925,317.0425,246.20375,247.42,324.8875,269.16376,276.8406,236.20238,234.79668,316.43124,233.2525,233.045,232.98215,325.45126,237.76875,321.37375,220.47626,217.5025,290.39642,215.6225,214.9375,250.77023,376.2275,213.22353,352.10626,219.52625,212.02625,210.40125,329.91626,501.93124,208.5275,354.3025,206.83125,205.7125,205.63374,203.525,202.98375,292.28333,200.93875,283.03125,372.15,192.57875,21.90625,8.083333,16.27375,33.62125,22.0775,17.20875,18.745588,7.935,11.0375,7.8892856,8.7525,7.84625,9.010715,46.14875,20.76375,13.063095,24.18125,22.943333,9.35,9.82625,26.065,29.43,27.645239,10.49125,7.55125,10.48375,26.04625,7.4375,7.38625,7.3785715,7.375,7.355,7.340476,7.32625,12.89875,7.3166666,10.7625,17.260714,7.235,19.865477,24.785713,12.79625,12.63,7.1783333,7.1525,7.0558825,29.57875,23.56,31.76,14.270238,8.945238,32.92375,24.605,6.93,21.06875,22.62375,26.71875,6.875,6.945,37.84,20.283333,36.56875,6.775,8.52125,21.3675,43.84,8.7725,21.355,6.61625,18.19,11.63125,20.245,16.439285,11.567857,6.52625,13.20375,10.21125,7.78125,30.248333,12.89375,11.14625,6.44375,6.435,6.4275,15.70625,Normal
25,8865.459,5447.1865,4887.0576,3782.5945,3927.0107,6138.971,4379.595,5385.03,5130.4077,5096.721,4491.1777,4066.3308,2343.0825,3915.7239,6517.9214,6189.925,3477.2725,2748.2,3189.6726,3861.8562,2850.8562,7337.0615,4213.0127,3309.3574,3709.1938,9026.376,2402.9297,2943.06,3056.975,2137.425,4989.4424,2014.9962,3436.805,2354.6875,1897.485,2500.815,3377.2363,2424.275,1409.8519,1409.8519,1409.8519,1409.8519,4142.1714,2515.73,1048.0048,2076.6526,4213.5713,1172.3488,1371.0138,2648.9568,2648.9568,2648.9568,2648.9568,2308.7861,2563.0857,3283.2175,2780.3064,2190.337,670.9167,3230.389,1601.2192,3285.7788,1311.9237,1477.98,2046.8774,729.8738,1025.6414,1506.9155,1391,1092.445,690.575,1941.6863,1197.4929,1530.135,1603.915,652.235,1019.025,831.02374,1429.4338,856.08,1153.3656,1219.5071,1205.0732,868.105,1389.04,3082.4514,1370.3286,1264.3138,541.265,566.8038,3188.7463,820.46875,662.4286,2176.3926,1203.1613,603.4786,1140.0212,981.83673,821.655,1678.3812,1382.1862,2049.905,1922.3375,2969.1912,1360.8562,1750.5212,1979.0087,624.8162,1079.1013,509.095,1338.0312,702.54584,1757.55,1323.2412,1059.8094,2160.986,94.49125,99.375,207.35374,160.5825,217.095,38.90375,52.347057,78.84625,87.15,94.35833,33.4375,66.11875,40.892857,54.36625,55.89625,53.234524,64.65375,112.34833,90.72125,31.22375,44.01875,80.76667,146.24405,15.01375,50.1025,66.05375,53.73875,36.825,150.02126,39.429764,127.48625,32.29125,76.98095,184.56876,129.38,230.72144,157.93124,170.2369,142.8675,69.04762,110.01548,76.2475,134.94,29.821667,52.16625,67.29412,128.81375,53.6125,94.49333,122.79286,53.785713,269.52124,64.725,55.80875,71.77875,161.08624,88.73625,65.0075,39.79875,53.56875,50.729168,137.3325,112.19625,89.19,121.60625,35.065,37.31125,24.0175,52.17625,56.3175,106.525,39.6,107.0381,64.23691,71.3975,103.3325,51.63625,9.21625,35.786667,62.71,47.60125,156.44624,69.26125,88.355,87.35375,Abnormal
26,5934.8887,3744.9885,3528.8337,2721.7036,1556.619,3584.2393,3484.485,1385.9625,3634.3838,2386.0107,1387.1887,1172.8154,2211.9011,1128.4938,1528.3976,2448.7583,1528.4088,818.4363,2111.7039,2984.0024,2123.0237,2777.7888,2933.1663,3795.6738,1056.5594,2461.8916,743.0631,1374.8239,2015.93,1644.9912,1588.8138,1367.6125,3590.0874,1840.1274,1058.4976,1716.11,1075.0762,1230.505,1453.6813,1453.6813,1453.6813,1453.6813,1091.4712,2618.744,871.46564,1646.1337,1518.7488,1441.8774,740.89374,1322.6001,1322.6001,1322.6001,1322.6001,1189.8512,1376.9023,928.225,712.21375,1498.1179,657.775,1030.2488,439.92886,1170.3513,1031.6725,1302.8438,2299.075,287.57,648.1925,1046.8036,1052.1038,555.275,938.1631,719.5425,1180.8286,386.74124,1310.4462,578.58,413.77875,778.46,375.2375,581.85626,1105.725,235.49762,1044.5833,798.16376,1623.6462,844.20624,812.1357,1394.6761,655.32874,469.40125,1124.6176,693.5062,541.23096,1255.7313,582.3575,447.24405,296.22626,842.35144,852.0563,1617.4163,1076.05,1664.52,576.42126,764.48126,1184.98,1393.2,467.34625,567,1172.1,443.1025,927.335,628.2375,944.90125,652.15,920.6119,1385.7637,33.125,91.575,156.76125,45.06375,67.47,51.46625,18.733824,43.2275,33.0125,191.1762,46.38875,55.99,76.934525,57.24125,43.64375,16.008333,59.0625,42.29,28.16125,18.14625,134.1425,66.03833,339.2012,19.07625,77.0325,53.85125,177.98875,29.42875,104.56875,33.385715,74.4075,31.1975,32.986904,172.6625,80.65875,118.43452,100.19,109.73333,67.205,41.363094,24.816668,38.15125,67.07,37.68,42.8825,45.07206,27.81875,22.03875,45.708332,25.45,40.907143,106.64,114.5825,85.11625,47.2,120.55,107.0375,26.93875,70.23625,77.59375,28.579166,72.56375,43.2525,27.17625,53.095,28.5875,29.41625,59.7125,96.56875,108.92125,32.28625,54.51125,31.170238,37.42619,116.78625,32.4425,59.1575,28.50375,166.26334,37.23,52.79,330.7025,167.20876,36.965,76.0125,Abnormal
27,5821.6177,3748.2478,3439.9539,2502.966,1549.6049,4155.7144,3703.2224,1300.3774,4139.286,3012.6428,967.785,962.5615,2605.3662,1181.2888,1728.3679,2961.7334,882.8787,736.8738,3053.805,2884.7188,2462.71,2727.2737,2861.2,2771.105,1037.1375,2444.1382,569.7369,1055.2863,2431.3938,666.59,1440.68,1146.4575,2962.8489,1904.2725,1111.7225,1802.7262,1233.9725,1372.8838,1602.7445,1602.7445,1602.7445,1602.7445,1259.3925,1924.0475,857.6797,1788.5188,1240.7325,1436.0325,776.5637,1720.4716,1720.4716,1720.4716,1720.4716,1651.3726,1381.1143,984.1975,1020.4312,1664.6523,797.1542,844.66,543.4327,986.6725,1250.3975,1355.23,1418.0112,651.025,787.29126,1306.643,1364.0575,618.675,629.19165,513.04,1071.9429,416.255,1464.8962,639.735,464.085,713.52374,380.295,610.63,932.6719,333.67975,834.555,1085.8038,1575.6775,1029.7262,713.34283,1535.435,670.005,531.9875,718.3575,835.6775,642.0857,936.13873,398.23376,445.0381,236.70375,810.8897,1120.0037,1975.495,1373.2675,1549.6938,495.67874,1061.0275,1602.1825,1354.4725,526.6975,467.99625,940.20624,439.705,1177.6625,676.225,986.79626,512.3,955.9167,818.62,56.1125,88.25,150.37125,65.2575,70.23125,83.08,39.544117,35.6775,38.11125,215.74881,40.16875,75.31,66.52738,37.0425,70.165,28.908333,52.91,62.425,44.96,26.71,130.43375,51.105,268.59286,18.9525,68.48,79.12375,81.4875,28.9225,84.58625,33.478573,57.44625,35.83125,43.465477,175.1,70.80375,181.19643,90.35375,75.060715,82.86,29.658333,35.230953,32.76,95.3075,24.445,55.6175,47.288235,28.4825,18.14625,50.691666,18.639286,25.77619,125.435,131.465,79.85875,53.19375,127.32875,78.3475,46.99375,40.0775,83.925,25.829166,78.8325,38.19625,63.2825,60.38875,32.87625,32.935,89.5825,67.86875,70.94875,36.4075,55.9825,20.075,41.70476,108.7425,40.38125,42.0875,21.80375,137.00333,34.315,104.90875,197.0425,90.36,40.97125,34.53875,Abnormal
28,9767.027,9785.775,8605.044,4941.2393,3581.5977,7265.1143,6498.42,3870.2976,6936.536,6769.043,4984.2236,3014.0713,3380.8474,3193.8738,4816.3584,5862.6875,3756.5625,2328.3,4156.9023,5241.4473,4045.1362,4489.4663,5136.6523,6243.246,2547.0593,8041.2954,1772.594,2913.725,4126.5312,2104.5774,4498.6763,2059.7324,6723.9673,3895.1726,2526.5874,2912.8674,3553.1626,4111.6973,1959.4453,1959.4453,1959.4453,1959.4453,3385.6875,5027.2476,1447.8953,2909.7937,4200.565,2004.4125,1134.7588,3060.9592,3060.9592,3060.9592,3060.9592,3057.285,2575.5083,2056.5364,1410.2687,2629.1582,2599.075,3314.415,1223.7769,3195.27,1946.7312,1872.0913,2921.2725,865.76624,1593.0525,2057.9797,2397.1426,899.215,1760,1801.0062,1835.6393,979.955,2127.121,922.54376,881.1937,1080.7312,969.71,827.79877,1727.9188,740.77026,1409.0233,1282.505,2063.1575,4285.4976,1514.9965,1921.8289,805.8237,808.6775,2450.9624,1186.6575,1215.1976,2710.3113,806.7612,860.9643,773.9975,1075.9926,1151.0562,2975.2424,2689.1787,2790.7188,1317.7938,2653.66,1824.74,2325.14,1413.6775,995.63,1587.2675,577.98126,1784.5837,1283.9083,2387.2988,1655.88,934.2762,522.49,61.62375,138.875,270.11,113.08375,145.79375,83.805,51.733826,128.1525,22.0125,222.58214,23.51125,118.92875,278.86905,136.57625,75.31,68.954765,65.43125,45.35,123.16375,28.98625,144.12375,154.10333,498.6143,38.60625,72.37125,314.7425,140.085,53.53125,203.7475,98.70119,95.845,76.93625,94.78214,157.135,153.22626,284.51785,149.7375,85.194046,143.175,92.21786,80.810715,134.79625,533.2388,116.18167,82.89875,55.125,55.28375,86.8125,96.58,56.634525,39.259525,297.745,187.18625,151.905,111.3425,355.1875,121.465,150.50874,79.665,132.96,60.525,124.295,106.12625,43.57125,136.05875,77.1,55.32875,123.1375,165.0125,93.54625,109.2475,87.64125,70.03928,67.186905,208.25125,113.11875,117.2675,58.5025,96.85333,66.325,54.07375,1165.9788,261.15875,118.085,70.34625,Abnormal
29,13324.729,9505.034,7740.9873,7982.8105,2544.9346,10163.293,9611.041,2346.1562,8642.836,8198.136,3186.3025,2319.6538,5880.634,2399.0637,3481.2512,8076.1167,3513.2112,1487.4137,7498.049,9255.164,5071.75,4162.4526,6341.9385,9146.954,1640.9781,5440.0522,997.3452,2514.4011,5734.561,3182.1812,2857.9788,3425.4612,7713.3037,4246.701,2513.995,5319.194,2139.621,3503.8638,3553.7312,3553.7312,3553.7312,3553.7312,2072.0461,5837.455,2478.9624,3876.6587,3353.0989,4071.375,1829.195,3908.1868,3908.1868,3908.1868,3908.1868,4387.9336,3328.6262,1488.6711,2301.6138,5477.082,3697.2375,2286.61,978.4385,1880.7275,3136.9563,3503.3025,4758.48,995.1975,2970.4075,3298.7644,3187.8638,1337.3575,4368.5737,845.8837,3765.468,683.4875,3321.245,2256.2913,649.0825,1637.3588,732.8862,1436.0988,3688.75,774.2167,2119.5366,1694.895,3172.6736,3470.44,1702.5964,4581.0674,1853.8962,1354.4562,1556.3375,1508.51,2153.4167,3080.3462,1032.735,1453.1155,483.9825,2005.1382,2356.1038,5430.944,3125.6775,3514.3738,905.86127,2072.5662,3860.5686,2362.006,1352.23,1350.3262,2336.3625,1491.815,2775.9487,2114.9458,1483.9575,672.175,1854.0369,1602.9813,209.90875,302.41428,380.01,103.575,152.2325,232.49,99.72941,77.03875,64.55125,533.125,102.98375,148,241.91786,196.91125,137.84875,130.22382,163.9675,51.781666,96.72625,56.86,341.24374,152.645,1147.0393,50.03875,140.76,142.07124,245.1025,42.25875,235.68625,101.42619,64.6475,140.26125,171.69167,610.17126,110.86625,359.67142,249.95876,146.45119,185.42375,130.04405,37.604763,95.5125,525.3675,46.286667,142.48125,39.692646,57.2475,9.68,239.79668,54.95595,52.65,183.7675,210.305,310.2125,113.04125,335.015,217.78876,64.5325,141.3575,234.42,48.245834,212.17,183.4875,93.12,81.21,88.68,105.3475,159.77625,195.745,242.2425,103.875,101.11375,99.09167,117.70595,407.87625,118.04125,86.51625,56.3625,368.05832,125.1825,115.5575,784.27625,272.555,63.3975,185.11125,Abnormal
30,12977.712,7565.6157,5735.2,6911.68,3095.9333,8961.293,6641.795,2801.86,9363.434,6413.163,2683.17,2520.9866,4964.491,2664.5874,4316.2964,7631.15,2461.075,2015.6562,6516.7036,7140.725,4702.6787,5775.166,7703.0874,2622.0188,2183.928,6794.7046,1437.9167,3173.8726,5205.3135,1557.605,4260.6274,1866.77,3387.3862,3372.7488,2491.5337,4799.761,2705.1787,2203.4512,2599.3223,2599.3223,2599.3223,2599.3223,2982.9724,3480.275,2072.636,4759.1675,3284.7014,3394.266,1744.6125,5128.265,5128.265,5128.265,5128.265,3447.335,2672.4475,2709.2224,2719.5562,3837.6797,630.87085,2926.4875,1119.0865,2553.5225,2911.1675,2975.996,3290.3125,1075.9225,1348.745,2346.8726,3110.1274,1112.835,1614.6333,2370.0974,3867.55,883.35126,3198.2537,1527.3676,800.53876,1573.0787,775.8638,1401.5363,3661.1282,655.475,2056.8733,2073.375,2948.235,2238.4912,1534.5643,3454.7825,1015.5788,1437.635,2250.79,1485.355,1407.1906,1438.7938,1038.5275,805.0738,571.455,1879.7603,2096.254,4013.5012,2202.6125,3770.5962,1588.9788,2706.3025,2487.6238,3380.5989,1633.8525,1192.1086,2009.5162,836.0725,1903.3975,1539.6458,1475.4188,1566.3289,2079.245,3293.1575,143.56375,260.64523,134.785,158.6725,126.01125,112.61625,55.086765,92.81375,119.61875,385.29047,93.59625,119.90375,83.436905,167.79375,114.56125,197.36667,145.3,67.611664,95.835,47.50625,294.06625,116.345,479.58096,75.5125,116.6525,107.84125,239.35875,19.31,175.45125,74.38809,117.82375,78.37375,65.24286,370.28876,147.20625,371.73096,200.66875,141.11429,229.42876,71.58572,126.625,88.49375,89.86875,71.84167,104.83625,48.841175,103.95,39.90125,102.135,41.235714,86.30476,294.92126,449.50125,152.285,112.23,314.39374,172.57875,90.86875,82.45375,155.255,55.7125,278.00375,77.8325,102.46375,132.66624,35.9325,87.425,102.3675,205.405,145.19376,53.80625,53.42,106.26548,88.62381,225.1225,84.72625,121.44875,36.9475,343.66,83.7,285.9,318.08875,223.1125,120.6075,173.8875,Abnormal
31,8753.239,8978.134,7777.8413,6202.4966,4271.412,8248.879,5514.2373,3681.185,7043.5913,12307.913,8021.1377,2890.6904,3754.6663,3593.9688,4053.894,4819.0083,3890.42,3816.6274,4531.93,4865.5137,3191.2488,4477.0737,4033.6511,6940.839,2689.9812,6356.9644,1818.4595,3226.655,4336.706,2600.595,2775.8489,3636.58,5392.205,3674.734,2028.66,3518.4138,2580.6775,3232.2964,4587.99,4587.99,4587.99,4587.99,2623.6,6280.04,1925.2812,2683.131,3684.2812,2178.1387,1964.0988,6517.818,6517.818,6517.818,6517.818,2626.1338,6091.031,2254.4912,3799.31,2659.8357,2709.525,3208.4424,1622.2942,2301.29,1985.395,1625.2775,2733.485,1533.3125,1524.7175,1423.8512,2128.5925,1469.105,1972.7299,3773.6138,2357.9143,1041.9313,2214.8076,1690.725,974.65625,1723.7075,853.7775,1556.1738,2165.178,1623.5071,1811.285,1646.8925,1583.6675,2655.81,2387.7,1385.1838,1175.405,1522.31,2295.504,1363.9,1469.5964,2279.1763,1253.7737,1024.0667,704.65625,1635.2471,1346.905,2888.6575,1933.1337,1967.9875,1224.03,1436.0625,1530.6525,1692.3562,2521.2063,958.03375,1124.8337,945.91626,3812.5613,1644.375,1760.8912,1490.9038,548.8036,2451.0225,122.62875,146.81071,589.615,93.0125,149.9075,156.735,47.47059,54.31375,101.48,205.99762,55.1925,132.335,181.3131,66.3875,102.19375,322.15118,199.6375,84.86,59.75875,101.32,97.285,111.49167,293.0226,72.27375,141.2275,203.05,93.9225,126.6525,230.01625,89.99286,73.7625,116.34625,125.39762,431.985,92.35,553.7286,249.14125,148.90714,551.04626,112.54048,124.7119,104.17,87.475,79.026665,143.82124,68.555885,85.87,66.76125,190.25166,50.141666,71.05119,168.55376,473.56876,250.72125,115.8775,387.10126,163.1775,54.55125,149.52,226.07124,58.75,152.23375,128.23125,42.27,81.64875,49.385,79.6375,297.7175,109.52375,95.49625,77.10125,124.32875,123.82262,16.652382,1717.1688,116.26625,122.76125,43.14,103.08167,59.75375,85.10375,347.46875,124.32125,92.525,115.93375,Abnormal
32,5012.02,1383.4886,1269.6487,3168.7124,1945.4929,2726.8037,3300.5938,1672.86,4185.6226,1025.3345,2801.8975,1604.9462,3529.4739,2190.555,2099.7893,2796.75,2170.4375,1518.9175,2073.3774,2529.5486,2422.5537,4508.931,2730.7488,1424.855,1478.675,3309.4119,972.99524,1924.8638,1393.2925,1701.6475,1756.5739,812.3762,843.6262,589.58,1144.3975,1661.2188,1656.3125,596.0775,2019.2424,2019.2424,2019.2424,2019.2424,1553.8676,1037.4926,907.8766,1671.9525,1596.455,1406.7524,374.7675,1245.9241,1245.9241,1245.9241,1245.9241,1082.02,892.30835,1504.685,2474.5789,1616.306,687.0125,1139.78,928.2269,995.0875,1211.8325,1366.18,1881.9976,762.1475,1044.4836,955.3369,688.0525,274.5925,918.1333,1192.2075,1502.6107,629.4888,1221.5188,537.6825,611.41125,579.04,714.33,591.40375,1483.1719,948.0952,1331.7017,895.52,1190.7375,1785.2788,346.38928,953.585,619.5737,484.03125,1284.555,279.235,524.64404,523.2413,565.6337,214.1619,461.87375,854.61176,1134.7825,991.16,461.135,1399.6688,673.22,1601.0789,937.615,839.93,863.14374,629.945,671.79626,212.4525,714.8975,549.5292,1291.1274,685.6375,1090.6321,1007.4325,56.55875,124.20476,125.4125,23.90125,195.91376,96.21125,27.611765,52.70375,53.43,230.35239,66.02375,114.70125,41.435715,58.295,70.07,82.35,144.36125,94.80666,62.99,79.8975,116.555,104.25833,165.45238,41.51125,11.17625,27.79,52.5725,48.765,44.16125,12.083333,101.16375,19.95875,32.528572,190.3,83.21625,43.159523,106.85125,76.02857,27.60875,23.14881,65.94524,7.19625,74.635,8.771667,58.2875,91.65588,32.75625,43.12375,23.438334,34.360714,20.657143,118.32875,260.42374,27.28125,57.20375,32.7075,96.1075,60.55125,73.2425,133.22874,23.145832,57.33625,22.68375,42.2325,63.665,57.23875,28.0225,98.0725,57.97375,69.285,13.71125,29.93375,54.37381,31.12619,133.51625,31.3475,23.56875,6.46875,181.71832,48.0475,106.41375,65.3725,139.15375,40.415,30.15875,Abnormal
